2026-07-27 14:21:03.816 [INFO ] com.ive.Main - Interface Validation Engine - starting
2026-07-27 14:21:03.837 [INFO ] com.ive.Main - Dictionary : C:\Users\RubenDarioIbarraVirl\Documents\atmSabanas\test\Sabanas Fondos Diccionario de Datos V8 QA.xlsx
2026-07-27 14:21:03.840 [INFO ] com.ive.Main - Sábana     : C:\Users\RubenDarioIbarraVirl\Documents\atmSabanas\test\sb_dato_operacion_fondos_20271124.txt
2026-07-27 14:21:03.843 [INFO ] com.ive.dictionary.DictionaryReader - Reading dictionary: C:\Users\RubenDarioIbarraVirl\Documents\atmSabanas\test\Sabanas Fondos Diccionario de Datos V8 QA.xlsx
2026-07-27 14:21:05.619 [INFO ] com.ive.dictionary.DictionaryReader - Workbook contains 7 sheet(s).
2026-07-27 14:21:05.645 [WARN ] com.ive.dictionary.DictionaryReader - Sheet 'sb_dato_transacciones_fondos', column 20: invalid position '}'. Skipping.
2026-07-27 14:21:05.657 [INFO ] com.ive.dictionary.DictionaryReader - Sheet 'sb_dato_transacciones_fondos': 29 field(s), 0 data row(s) loaded.
2026-07-27 14:21:05.662 [WARN ] com.ive.dictionary.DictionaryReader - Sheet '   sb_dato_operacion_fondos_202': CAMPO row (index 3) has no field names. Using next row as fallback.
2026-07-27 14:21:05.678 [WARN ] com.ive.dictionary.DictionaryReader - Sheet '   sb_dato_operacion_fondos_202': conditional OBLIGATORIEDAD 'Si para fondo de vivienda o garantía' treated as REQUIRED.
2026-07-27 14:21:05.687 [WARN ] com.ive.dictionary.DictionaryReader - Sheet '   sb_dato_operacion_fondos_202': conditional OBLIGATORIEDAD 'Si para fondo de vivienda o garantía' treated as REQUIRED.
2026-07-27 14:21:05.689 [WARN ] com.ive.dictionary.DictionaryReader - Sheet '   sb_dato_operacion_fondos_202': conditional OBLIGATORIEDAD 'Si para fondo de vivienda o garantía' treated as REQUIRED.
2026-07-27 14:21:05.693 [WARN ] com.ive.dictionary.DictionaryReader - Sheet '   sb_dato_operacion_fondos_202': conditional OBLIGATORIEDAD 'Si para fondo de Vivienda y Garantía' treated as REQUIRED.
2026-07-27 14:21:05.699 [WARN ] com.ive.dictionary.DictionaryReader - Sheet '   sb_dato_operacion_fondos_202': conditional OBLIGATORIEDAD 'Si para fondo de vivienda' treated as REQUIRED.
2026-07-27 14:21:05.707 [WARN ] com.ive.dictionary.DictionaryReader - Sheet '   sb_dato_operacion_fondos_202': conditional OBLIGATORIEDAD 'Si para fondo de vivienda' treated as REQUIRED.
2026-07-27 14:21:05.710 [WARN ] com.ive.dictionary.DictionaryReader - Sheet '   sb_dato_operacion_fondos_202': conditional OBLIGATORIEDAD 'Si para fondo de garantía' treated as REQUIRED.
2026-07-27 14:21:05.718 [WARN ] com.ive.dictionary.DictionaryReader - Sheet '   sb_dato_operacion_fondos_202': conditional OBLIGATORIEDAD 'Si para fondo de vivienda o garantía' treated as REQUIRED.
2026-07-27 14:21:05.720 [WARN ] com.ive.dictionary.DictionaryReader - Sheet '   sb_dato_operacion_fondos_202': conditional OBLIGATORIEDAD 'Si para fondo de vivienda' treated as REQUIRED.
2026-07-27 14:21:05.722 [WARN ] com.ive.dictionary.DictionaryReader - Sheet '   sb_dato_operacion_fondos_202': conditional OBLIGATORIEDAD 'Si para fondo de vivienda o garantía' treated as REQUIRED.
2026-07-27 14:21:05.723 [WARN ] com.ive.dictionary.DictionaryReader - Sheet '   sb_dato_operacion_fondos_202': conditional OBLIGATORIEDAD 'Si para fondo de vivienda' treated as REQUIRED.
2026-07-27 14:21:05.724 [WARN ] com.ive.dictionary.DictionaryReader - Sheet '   sb_dato_operacion_fondos_202': conditional OBLIGATORIEDAD 'Si para fondo de garantía' treated as REQUIRED.
2026-07-27 14:21:05.726 [WARN ] com.ive.dictionary.DictionaryReader - Sheet '   sb_dato_operacion_fondos_202': conditional OBLIGATORIEDAD 'Si para fondo de garantía' treated as REQUIRED.
2026-07-27 14:21:05.746 [INFO ] com.ive.dictionary.DictionaryReader - Sheet '   sb_dato_operacion_fondos_202': 49 field(s), 13 data row(s) loaded.
2026-07-27 14:21:05.753 [INFO ] com.ive.dictionary.DictionaryReader - Sheet 'sb_dato_cuentas_por_cobrar': 27 field(s), 0 data row(s) loaded.
2026-07-27 14:21:05.760 [INFO ] com.ive.dictionary.DictionaryReader - Sheet 'sb_dato_tasa_compensada': 32 field(s), 0 data row(s) loaded.
2026-07-27 14:21:05.764 [INFO ] com.ive.dictionary.DictionaryReader - Sheet '   sb_dato_revalorizacion_20270': 16 field(s), 0 data row(s) loaded.
2026-07-27 14:21:05.767 [WARN ] com.ive.dictionary.DictionaryReader - Sheet 'sb_dato_procesos_especiales': conditional OBLIGATORIEDAD 'SI cuando Tipo de Proceso (AMA). Para los otros Procesos Especiales va Null.' treated as REQUIRED.
2026-07-27 14:21:05.768 [WARN ] com.ive.dictionary.DictionaryReader - Sheet 'sb_dato_procesos_especiales': conditional OBLIGATORIEDAD 'SI cuando Tipo de Proceso (AMA,CEA, LIQ). Para los otros Procesos Especiales va Null.' treated as REQUIRED.
2026-07-27 14:21:05.768 [WARN ] com.ive.dictionary.DictionaryReader - Sheet 'sb_dato_procesos_especiales': conditional OBLIGATORIEDAD 'SI cuando Tipo de Proceso (AMA,CEA). Para los otros Procesos Especiales va Null.' treated as REQUIRED.
2026-07-27 14:21:05.768 [WARN ] com.ive.dictionary.DictionaryReader - Sheet 'sb_dato_procesos_especiales': conditional OBLIGATORIEDAD 'SI cuando Tipo de Proceso (AMA,CEA). Para los otros Procesos Especiales va Null.' treated as REQUIRED.
2026-07-27 14:21:05.770 [WARN ] com.ive.dictionary.DictionaryReader - Sheet 'sb_dato_procesos_especiales': conditional OBLIGATORIEDAD 'SI cuando Tipo de Proceso (AMA, AUX). Para los otros Procesos Especiales va Null.' treated as REQUIRED.
2026-07-27 14:21:05.770 [WARN ] com.ive.dictionary.DictionaryReader - Sheet 'sb_dato_procesos_especiales': conditional OBLIGATORIEDAD 'SI cuando Tipo de Proceso (AMA, AUX, REAC). Para los otros Procesos Especiales va Null.' treated as REQUIRED.
2026-07-27 14:21:05.772 [WARN ] com.ive.dictionary.DictionaryReader - Sheet 'sb_dato_procesos_especiales': conditional OBLIGATORIEDAD 'SI cuando Tipo de Proceso (AUX, CEA, REC, LIQ). Para los otros Procesos Especiales va Null.' treated as REQUIRED.
2026-07-27 14:21:05.772 [WARN ] com.ive.dictionary.DictionaryReader - Sheet 'sb_dato_procesos_especiales': conditional OBLIGATORIEDAD 'SI cuando Tipo de Proceso (CEA). Para los otros Procesos Especiales va Null.' treated as REQUIRED.
2026-07-27 14:21:05.774 [WARN ] com.ive.dictionary.DictionaryReader - Sheet 'sb_dato_procesos_especiales': conditional OBLIGATORIEDAD 'SI cuando Tipo de Proceso (CEA). Para los otros Procesos Especiales va Null.' treated as REQUIRED.
2026-07-27 14:21:05.774 [WARN ] com.ive.dictionary.DictionaryReader - Sheet 'sb_dato_procesos_especiales': conditional OBLIGATORIEDAD 'SI cuando Tipo de Proceso (CEA). Para los otros Procesos Especiales va Null.' treated as REQUIRED.
2026-07-27 14:21:05.774 [WARN ] com.ive.dictionary.DictionaryReader - Sheet 'sb_dato_procesos_especiales': conditional OBLIGATORIEDAD 'SI cuando Tipo de Proceso (CEA). Para los otros Procesos Especiales va Null.' treated as REQUIRED.
2026-07-27 14:21:05.776 [WARN ] com.ive.dictionary.DictionaryReader - Sheet 'sb_dato_procesos_especiales': conditional OBLIGATORIEDAD 'SI cuando Tipo de Proceso (REC). Para los otros Procesos Especiales va Null.' treated as REQUIRED.
2026-07-27 14:21:05.777 [WARN ] com.ive.dictionary.DictionaryReader - Sheet 'sb_dato_procesos_especiales': conditional OBLIGATORIEDAD 'SI cuando Tipo de Proceso (REC). Para los otros Procesos Especiales va Null.' treated as REQUIRED.
2026-07-27 14:21:05.779 [WARN ] com.ive.dictionary.DictionaryReader - Sheet 'sb_dato_procesos_especiales': conditional OBLIGATORIEDAD 'SI cuando Tipo de Proceso (REC). Para los otros Procesos Especiales va Null.' treated as REQUIRED.
2026-07-27 14:21:05.782 [WARN ] com.ive.dictionary.DictionaryReader - Sheet 'sb_dato_procesos_especiales': conditional OBLIGATORIEDAD 'SI cuando Tipo de Proceso (REI). Para los otros Procesos Especiales va Null.' treated as REQUIRED.
2026-07-27 14:21:05.783 [WARN ] com.ive.dictionary.DictionaryReader - Sheet 'sb_dato_procesos_especiales': conditional OBLIGATORIEDAD 'SI cuando Tipo de Proceso (REI). Para los otros Procesos Especiales va Null.' treated as REQUIRED.
2026-07-27 14:21:05.784 [WARN ] com.ive.dictionary.DictionaryReader - Sheet 'sb_dato_procesos_especiales': conditional OBLIGATORIEDAD 'SI cuando Tipo de Proceso (REI). Para los otros Procesos Especiales va Null.' treated as REQUIRED.
2026-07-27 14:21:05.786 [WARN ] com.ive.dictionary.DictionaryReader - Sheet 'sb_dato_procesos_especiales': conditional OBLIGATORIEDAD 'SI cuando Tipo de Proceso (REI). Para los otros Procesos Especiales va Null.' treated as REQUIRED.
2026-07-27 14:21:05.790 [WARN ] com.ive.dictionary.DictionaryReader - Sheet 'sb_dato_procesos_especiales': conditional OBLIGATORIEDAD 'SI cuando Tipo de Proceso (REI). Para los otros Procesos Especiales va Null.' treated as REQUIRED.
2026-07-27 14:21:05.793 [WARN ] com.ive.dictionary.DictionaryReader - Sheet 'sb_dato_procesos_especiales': conditional OBLIGATORIEDAD 'SI cuando Tipo de Proceso (REI). Para los otros Procesos Especiales va Null.' treated as REQUIRED.
2026-07-27 14:21:05.793 [WARN ] com.ive.dictionary.DictionaryReader - Sheet 'sb_dato_procesos_especiales': conditional OBLIGATORIEDAD 'SI cuando Tipo de Proceso (TEF). Para los otros Procesos Especiales va Null.' treated as REQUIRED.
2026-07-27 14:21:05.794 [WARN ] com.ive.dictionary.DictionaryReader - Sheet 'sb_dato_procesos_especiales': conditional OBLIGATORIEDAD 'SI cuando Tipo de Proceso (TEF). Para los otros Procesos Especiales va Null.' treated as REQUIRED.
2026-07-27 14:21:05.796 [WARN ] com.ive.dictionary.DictionaryReader - Sheet 'sb_dato_procesos_especiales': conditional OBLIGATORIEDAD 'SI cuando Tipo de Proceso (TEF). Para los otros Procesos Especiales va Null.' treated as REQUIRED.
2026-07-27 14:21:05.799 [WARN ] com.ive.dictionary.DictionaryReader - Sheet 'sb_dato_procesos_especiales': conditional OBLIGATORIEDAD 'SI cuando Tipo de Proceso (TEF). Para los otros Procesos Especiales va Null.' treated as REQUIRED.
2026-07-27 14:21:05.800 [WARN ] com.ive.dictionary.DictionaryReader - Sheet 'sb_dato_procesos_especiales': conditional OBLIGATORIEDAD 'SI cuando Tipo de Proceso (LIQ). Para los otros Procesos Especiales va Null.' treated as REQUIRED.
2026-07-27 14:21:05.801 [WARN ] com.ive.dictionary.DictionaryReader - Sheet 'sb_dato_procesos_especiales': conditional OBLIGATORIEDAD 'SI cuando Tipo de Proceso (LIQ,AUX,CEA). Para los otros Procesos Especiales va Null.' treated as REQUIRED.
2026-07-27 14:21:05.803 [WARN ] com.ive.dictionary.DictionaryReader - Sheet 'sb_dato_procesos_especiales': conditional OBLIGATORIEDAD 'SI cuando Tipo de Proceso (LIQ). Para los otros Procesos Especiales va Null.' treated as REQUIRED.
2026-07-27 14:21:05.803 [WARN ] com.ive.dictionary.DictionaryReader - Sheet 'sb_dato_procesos_especiales': conditional OBLIGATORIEDAD 'SI cuando Tipo de Proceso (LIQ). Para los otros Procesos Especiales va Null.' treated as REQUIRED.
2026-07-27 14:21:05.805 [WARN ] com.ive.dictionary.DictionaryReader - Sheet 'sb_dato_procesos_especiales': conditional OBLIGATORIEDAD 'SI cuando Tipo de Proceso (LIQ). Para los otros Procesos Especiales va Null.' treated as REQUIRED.
2026-07-27 14:21:05.809 [WARN ] com.ive.dictionary.DictionaryReader - Sheet 'sb_dato_procesos_especiales': conditional OBLIGATORIEDAD 'SI cuando Tipo de Proceso (LIQ). Para los otros Procesos Especiales va Null.' treated as REQUIRED.
2026-07-27 14:21:05.811 [WARN ] com.ive.dictionary.DictionaryReader - Sheet 'sb_dato_procesos_especiales': conditional OBLIGATORIEDAD 'SI cuando Tipo de Proceso (LIQ) y tipo de liquidación es excluSIón. Para los otros Procesos Especiales va Null.' treated as REQUIRED.
2026-07-27 14:21:05.814 [WARN ] com.ive.dictionary.DictionaryReader - Sheet 'sb_dato_procesos_especiales': conditional OBLIGATORIEDAD 'SI cuando Tipo de Proceso (LIQ). Para los otros Procesos Especiales va Null.' treated as REQUIRED.
2026-07-27 14:21:05.816 [WARN ] com.ive.dictionary.DictionaryReader - Sheet 'sb_dato_procesos_especiales': conditional OBLIGATORIEDAD 'SI cuando Tipo de Proceso (LIQ). Para los otros Procesos Especiales va Null.' treated as REQUIRED.
2026-07-27 14:21:05.817 [WARN ] com.ive.dictionary.DictionaryReader - Sheet 'sb_dato_procesos_especiales': conditional OBLIGATORIEDAD 'SI cuando Tipo de Proceso (LIQ). Para los otros Procesos Especiales va Null.' treated as REQUIRED.
2026-07-27 14:21:05.819 [WARN ] com.ive.dictionary.DictionaryReader - Sheet 'sb_dato_procesos_especiales': conditional OBLIGATORIEDAD 'SI cuando Tipo de Proceso (LIQ). Para los otros Procesos Especiales va Null.' treated as REQUIRED.
2026-07-27 14:21:05.821 [WARN ] com.ive.dictionary.DictionaryReader - Sheet 'sb_dato_procesos_especiales': conditional OBLIGATORIEDAD 'SI cuando Tipo de Proceso (LIQ) y es una liquidación maSIva. Para los otros Procesos Especiales va Null.' treated as REQUIRED.
2026-07-27 14:21:05.823 [WARN ] com.ive.dictionary.DictionaryReader - Sheet 'sb_dato_procesos_especiales': conditional OBLIGATORIEDAD 'SI cuando Tipo de Proceso (LIQ). Para los otros Procesos Especiales va Null.' treated as REQUIRED.
2026-07-27 14:21:05.824 [WARN ] com.ive.dictionary.DictionaryReader - Sheet 'sb_dato_procesos_especiales': conditional OBLIGATORIEDAD 'SI cuando Tipo de Proceso (AMA,CEA, AUX,LIQ, REC, REI, TEF). Para los otros Procesos Especiales va Null.' treated as REQUIRED.
2026-07-27 14:21:05.824 [WARN ] com.ive.dictionary.DictionaryReader - Sheet 'sb_dato_procesos_especiales': conditional OBLIGATORIEDAD 'SI cuando Tipo de Proceso (LIQ). Para los otros Procesos Especiales va Null.' treated as REQUIRED.
2026-07-27 14:21:05.825 [WARN ] com.ive.dictionary.DictionaryReader - Sheet 'sb_dato_procesos_especiales': conditional OBLIGATORIEDAD 'SI cuando Tipo de Proceso (AMA,CEA, AUX,LIQ, REC, REI, TEF). Para los otros Procesos Especiales va Null.' treated as REQUIRED.
2026-07-27 14:21:05.826 [WARN ] com.ive.dictionary.DictionaryReader - Sheet 'sb_dato_procesos_especiales': conditional OBLIGATORIEDAD 'SI cuando Tipo de Proceso (AMA,CEA, AUX,LIQ, REC, REI, TEF). Para los otros Procesos Especiales va Null.' treated as REQUIRED.
2026-07-27 14:21:05.826 [WARN ] com.ive.dictionary.DictionaryReader - Sheet 'sb_dato_procesos_especiales': conditional OBLIGATORIEDAD 'SI cuando Tipo de Proceso (AMA,CEA, AUX,LIQ, REC, REI, TEF, REAC). Para los otros Procesos Especiales va Null.' treated as REQUIRED.
2026-07-27 14:21:05.828 [WARN ] com.ive.dictionary.DictionaryReader - Sheet 'sb_dato_procesos_especiales': conditional OBLIGATORIEDAD 'SI cuando Tipo de Proceso (AMA,CEA, AUX,LIQ, REC, REI, TEF). Para los otros Procesos Especiales va Null.' treated as REQUIRED.
2026-07-27 14:21:05.829 [WARN ] com.ive.dictionary.DictionaryReader - Sheet 'sb_dato_procesos_especiales': conditional OBLIGATORIEDAD 'SI cuando Tipo de Proceso (AMA,CEA, AUX,LIQ, REC, REI, TEF). Para los otros Procesos Especiales va Null.' treated as REQUIRED.
2026-07-27 14:21:05.829 [WARN ] com.ive.dictionary.DictionaryReader - Sheet 'sb_dato_procesos_especiales': conditional OBLIGATORIEDAD 'SI cuando Tipo de Proceso (AMA,CEA, AUX,LIQ, REC, REI, TEF). Para los otros Procesos Especiales va Null.' treated as REQUIRED.
2026-07-27 14:21:05.831 [WARN ] com.ive.dictionary.DictionaryReader - Sheet 'sb_dato_procesos_especiales': conditional OBLIGATORIEDAD 'SI cuando Tipo de Proceso (LIQ). Para los otros Procesos Especiales va Null.' treated as REQUIRED.
2026-07-27 14:21:05.834 [INFO ] com.ive.dictionary.DictionaryReader - Sheet 'sb_dato_procesos_especiales': 75 field(s), 0 data row(s) loaded.
2026-07-27 14:21:05.839 [INFO ] com.ive.dictionary.DictionaryReader - Sheet '   sb_dato_traslados': 17 field(s), 0 data row(s) loaded.
2026-07-27 14:21:05.842 [INFO ] com.ive.dictionary.DictionaryReader - Dictionary loaded successfully: 7 valid sheet(s).
2026-07-27 14:21:05.844 [INFO ] com.ive.Main - Dictionary loaded: 7 sheet(s).
2026-07-27 14:21:05.845 [INFO ] com.ive.Main - Looking for sheet matching fragment: 'sb_dato_operacion_fondos_20271124'
2026-07-27 14:21:05.850 [ERROR] com.ive.Main - Fatal error: No sheet found matching fragment 'sb_dato_operacion_fondos_20271124' in dictionary: C:\Users\RubenDarioIbarraVirl\Documents\atmSabanas\test\Sabanas Fondos Diccionario de Datos V8 QA.xlsx
com.ive.exceptions.IveException: No sheet found matching fragment 'sb_dato_operacion_fondos_20271124' in dictionary: C:\Users\RubenDarioIbarraVirl\Documents\atmSabanas\test\Sabanas Fondos Diccionario de Datos V8 QA.xlsx
	at com.ive.Main.lambda$main$0(Main.java:58)
	at java.base/java.util.Optional.orElseThrow(Optional.java:403)
	at com.ive.Main.main(Main.java:58)
2026-07-27 14:21:55.825 [INFO ] com.ive.Main - Interface Validation Engine - starting
2026-07-27 14:21:55.829 [INFO ] com.ive.Main - Dictionary : C:\Users\RubenDarioIbarraVirl\Documents\atmSabanas\test\Sabanas Fondos Diccionario de Datos V8 QA.xlsx
2026-07-27 14:21:55.834 [INFO ] com.ive.Main - Sábana     : C:\Users\RubenDarioIbarraVirl\Documents\atmSabanas\test\sb_dato_operacion_fondos_20271124.txt
2026-07-27 14:21:55.836 [INFO ] com.ive.dictionary.DictionaryReader - Reading dictionary: C:\Users\RubenDarioIbarraVirl\Documents\atmSabanas\test\Sabanas Fondos Diccionario de Datos V8 QA.xlsx
2026-07-27 14:21:57.536 [INFO ] com.ive.dictionary.DictionaryReader - Workbook contains 7 sheet(s).
2026-07-27 14:21:57.556 [WARN ] com.ive.dictionary.DictionaryReader - Sheet 'sb_dato_transacciones_fondos', column 20: invalid position '}'. Skipping.
2026-07-27 14:21:57.563 [INFO ] com.ive.dictionary.DictionaryReader - Sheet 'sb_dato_transacciones_fondos': 29 field(s), 0 data row(s) loaded.
2026-07-27 14:21:57.565 [WARN ] com.ive.dictionary.DictionaryReader - Sheet '   sb_dato_operacion_fondos_202': CAMPO row (index 3) has no field names. Using next row as fallback.
2026-07-27 14:21:57.582 [WARN ] com.ive.dictionary.DictionaryReader - Sheet '   sb_dato_operacion_fondos_202': conditional OBLIGATORIEDAD 'Si para fondo de vivienda o garantía' treated as REQUIRED.
2026-07-27 14:21:57.583 [WARN ] com.ive.dictionary.DictionaryReader - Sheet '   sb_dato_operacion_fondos_202': conditional OBLIGATORIEDAD 'Si para fondo de vivienda o garantía' treated as REQUIRED.
2026-07-27 14:21:57.584 [WARN ] com.ive.dictionary.DictionaryReader - Sheet '   sb_dato_operacion_fondos_202': conditional OBLIGATORIEDAD 'Si para fondo de vivienda o garantía' treated as REQUIRED.
2026-07-27 14:21:57.585 [WARN ] com.ive.dictionary.DictionaryReader - Sheet '   sb_dato_operacion_fondos_202': conditional OBLIGATORIEDAD 'Si para fondo de Vivienda y Garantía' treated as REQUIRED.
2026-07-27 14:21:57.586 [WARN ] com.ive.dictionary.DictionaryReader - Sheet '   sb_dato_operacion_fondos_202': conditional OBLIGATORIEDAD 'Si para fondo de vivienda' treated as REQUIRED.
2026-07-27 14:21:57.586 [WARN ] com.ive.dictionary.DictionaryReader - Sheet '   sb_dato_operacion_fondos_202': conditional OBLIGATORIEDAD 'Si para fondo de vivienda' treated as REQUIRED.
2026-07-27 14:21:57.587 [WARN ] com.ive.dictionary.DictionaryReader - Sheet '   sb_dato_operacion_fondos_202': conditional OBLIGATORIEDAD 'Si para fondo de garantía' treated as REQUIRED.
2026-07-27 14:21:57.588 [WARN ] com.ive.dictionary.DictionaryReader - Sheet '   sb_dato_operacion_fondos_202': conditional OBLIGATORIEDAD 'Si para fondo de vivienda o garantía' treated as REQUIRED.
2026-07-27 14:21:57.588 [WARN ] com.ive.dictionary.DictionaryReader - Sheet '   sb_dato_operacion_fondos_202': conditional OBLIGATORIEDAD 'Si para fondo de vivienda' treated as REQUIRED.
2026-07-27 14:21:57.589 [WARN ] com.ive.dictionary.DictionaryReader - Sheet '   sb_dato_operacion_fondos_202': conditional OBLIGATORIEDAD 'Si para fondo de vivienda o garantía' treated as REQUIRED.
2026-07-27 14:21:57.590 [WARN ] com.ive.dictionary.DictionaryReader - Sheet '   sb_dato_operacion_fondos_202': conditional OBLIGATORIEDAD 'Si para fondo de vivienda' treated as REQUIRED.
2026-07-27 14:21:57.592 [WARN ] com.ive.dictionary.DictionaryReader - Sheet '   sb_dato_operacion_fondos_202': conditional OBLIGATORIEDAD 'Si para fondo de garantía' treated as REQUIRED.
2026-07-27 14:21:57.593 [WARN ] com.ive.dictionary.DictionaryReader - Sheet '   sb_dato_operacion_fondos_202': conditional OBLIGATORIEDAD 'Si para fondo de garantía' treated as REQUIRED.
2026-07-27 14:21:57.615 [INFO ] com.ive.dictionary.DictionaryReader - Sheet '   sb_dato_operacion_fondos_202': 49 field(s), 13 data row(s) loaded.
2026-07-27 14:21:57.627 [INFO ] com.ive.dictionary.DictionaryReader - Sheet 'sb_dato_cuentas_por_cobrar': 27 field(s), 0 data row(s) loaded.
2026-07-27 14:21:57.641 [INFO ] com.ive.dictionary.DictionaryReader - Sheet 'sb_dato_tasa_compensada': 32 field(s), 0 data row(s) loaded.
2026-07-27 14:21:57.650 [INFO ] com.ive.dictionary.DictionaryReader - Sheet '   sb_dato_revalorizacion_20270': 16 field(s), 0 data row(s) loaded.
2026-07-27 14:21:57.653 [WARN ] com.ive.dictionary.DictionaryReader - Sheet 'sb_dato_procesos_especiales': conditional OBLIGATORIEDAD 'SI cuando Tipo de Proceso (AMA). Para los otros Procesos Especiales va Null.' treated as REQUIRED.
2026-07-27 14:21:57.654 [WARN ] com.ive.dictionary.DictionaryReader - Sheet 'sb_dato_procesos_especiales': conditional OBLIGATORIEDAD 'SI cuando Tipo de Proceso (AMA,CEA, LIQ). Para los otros Procesos Especiales va Null.' treated as REQUIRED.
2026-07-27 14:21:57.655 [WARN ] com.ive.dictionary.DictionaryReader - Sheet 'sb_dato_procesos_especiales': conditional OBLIGATORIEDAD 'SI cuando Tipo de Proceso (AMA,CEA). Para los otros Procesos Especiales va Null.' treated as REQUIRED.
2026-07-27 14:21:57.656 [WARN ] com.ive.dictionary.DictionaryReader - Sheet 'sb_dato_procesos_especiales': conditional OBLIGATORIEDAD 'SI cuando Tipo de Proceso (AMA,CEA). Para los otros Procesos Especiales va Null.' treated as REQUIRED.
2026-07-27 14:21:57.657 [WARN ] com.ive.dictionary.DictionaryReader - Sheet 'sb_dato_procesos_especiales': conditional OBLIGATORIEDAD 'SI cuando Tipo de Proceso (AMA, AUX). Para los otros Procesos Especiales va Null.' treated as REQUIRED.
2026-07-27 14:21:57.658 [WARN ] com.ive.dictionary.DictionaryReader - Sheet 'sb_dato_procesos_especiales': conditional OBLIGATORIEDAD 'SI cuando Tipo de Proceso (AMA, AUX, REAC). Para los otros Procesos Especiales va Null.' treated as REQUIRED.
2026-07-27 14:21:57.659 [WARN ] com.ive.dictionary.DictionaryReader - Sheet 'sb_dato_procesos_especiales': conditional OBLIGATORIEDAD 'SI cuando Tipo de Proceso (AUX, CEA, REC, LIQ). Para los otros Procesos Especiales va Null.' treated as REQUIRED.
2026-07-27 14:21:57.660 [WARN ] com.ive.dictionary.DictionaryReader - Sheet 'sb_dato_procesos_especiales': conditional OBLIGATORIEDAD 'SI cuando Tipo de Proceso (CEA). Para los otros Procesos Especiales va Null.' treated as REQUIRED.
2026-07-27 14:21:57.662 [WARN ] com.ive.dictionary.DictionaryReader - Sheet 'sb_dato_procesos_especiales': conditional OBLIGATORIEDAD 'SI cuando Tipo de Proceso (CEA). Para los otros Procesos Especiales va Null.' treated as REQUIRED.
2026-07-27 14:21:57.664 [WARN ] com.ive.dictionary.DictionaryReader - Sheet 'sb_dato_procesos_especiales': conditional OBLIGATORIEDAD 'SI cuando Tipo de Proceso (CEA). Para los otros Procesos Especiales va Null.' treated as REQUIRED.
2026-07-27 14:21:57.665 [WARN ] com.ive.dictionary.DictionaryReader - Sheet 'sb_dato_procesos_especiales': conditional OBLIGATORIEDAD 'SI cuando Tipo de Proceso (CEA). Para los otros Procesos Especiales va Null.' treated as REQUIRED.
2026-07-27 14:21:57.666 [WARN ] com.ive.dictionary.DictionaryReader - Sheet 'sb_dato_procesos_especiales': conditional OBLIGATORIEDAD 'SI cuando Tipo de Proceso (REC). Para los otros Procesos Especiales va Null.' treated as REQUIRED.
2026-07-27 14:21:57.667 [WARN ] com.ive.dictionary.DictionaryReader - Sheet 'sb_dato_procesos_especiales': conditional OBLIGATORIEDAD 'SI cuando Tipo de Proceso (REC). Para los otros Procesos Especiales va Null.' treated as REQUIRED.
2026-07-27 14:21:57.668 [WARN ] com.ive.dictionary.DictionaryReader - Sheet 'sb_dato_procesos_especiales': conditional OBLIGATORIEDAD 'SI cuando Tipo de Proceso (REC). Para los otros Procesos Especiales va Null.' treated as REQUIRED.
2026-07-27 14:21:57.670 [WARN ] com.ive.dictionary.DictionaryReader - Sheet 'sb_dato_procesos_especiales': conditional OBLIGATORIEDAD 'SI cuando Tipo de Proceso (REI). Para los otros Procesos Especiales va Null.' treated as REQUIRED.
2026-07-27 14:21:57.670 [WARN ] com.ive.dictionary.DictionaryReader - Sheet 'sb_dato_procesos_especiales': conditional OBLIGATORIEDAD 'SI cuando Tipo de Proceso (REI). Para los otros Procesos Especiales va Null.' treated as REQUIRED.
2026-07-27 14:21:57.672 [WARN ] com.ive.dictionary.DictionaryReader - Sheet 'sb_dato_procesos_especiales': conditional OBLIGATORIEDAD 'SI cuando Tipo de Proceso (REI). Para los otros Procesos Especiales va Null.' treated as REQUIRED.
2026-07-27 14:21:57.672 [WARN ] com.ive.dictionary.DictionaryReader - Sheet 'sb_dato_procesos_especiales': conditional OBLIGATORIEDAD 'SI cuando Tipo de Proceso (REI). Para los otros Procesos Especiales va Null.' treated as REQUIRED.
2026-07-27 14:21:57.674 [WARN ] com.ive.dictionary.DictionaryReader - Sheet 'sb_dato_procesos_especiales': conditional OBLIGATORIEDAD 'SI cuando Tipo de Proceso (REI). Para los otros Procesos Especiales va Null.' treated as REQUIRED.
2026-07-27 14:21:57.674 [WARN ] com.ive.dictionary.DictionaryReader - Sheet 'sb_dato_procesos_especiales': conditional OBLIGATORIEDAD 'SI cuando Tipo de Proceso (REI). Para los otros Procesos Especiales va Null.' treated as REQUIRED.
2026-07-27 14:21:57.676 [WARN ] com.ive.dictionary.DictionaryReader - Sheet 'sb_dato_procesos_especiales': conditional OBLIGATORIEDAD 'SI cuando Tipo de Proceso (TEF). Para los otros Procesos Especiales va Null.' treated as REQUIRED.
2026-07-27 14:21:57.676 [WARN ] com.ive.dictionary.DictionaryReader - Sheet 'sb_dato_procesos_especiales': conditional OBLIGATORIEDAD 'SI cuando Tipo de Proceso (TEF). Para los otros Procesos Especiales va Null.' treated as REQUIRED.
2026-07-27 14:21:57.676 [WARN ] com.ive.dictionary.DictionaryReader - Sheet 'sb_dato_procesos_especiales': conditional OBLIGATORIEDAD 'SI cuando Tipo de Proceso (TEF). Para los otros Procesos Especiales va Null.' treated as REQUIRED.
2026-07-27 14:21:57.678 [WARN ] com.ive.dictionary.DictionaryReader - Sheet 'sb_dato_procesos_especiales': conditional OBLIGATORIEDAD 'SI cuando Tipo de Proceso (TEF). Para los otros Procesos Especiales va Null.' treated as REQUIRED.
2026-07-27 14:21:57.679 [WARN ] com.ive.dictionary.DictionaryReader - Sheet 'sb_dato_procesos_especiales': conditional OBLIGATORIEDAD 'SI cuando Tipo de Proceso (LIQ). Para los otros Procesos Especiales va Null.' treated as REQUIRED.
2026-07-27 14:21:57.681 [WARN ] com.ive.dictionary.DictionaryReader - Sheet 'sb_dato_procesos_especiales': conditional OBLIGATORIEDAD 'SI cuando Tipo de Proceso (LIQ,AUX,CEA). Para los otros Procesos Especiales va Null.' treated as REQUIRED.
2026-07-27 14:21:57.683 [WARN ] com.ive.dictionary.DictionaryReader - Sheet 'sb_dato_procesos_especiales': conditional OBLIGATORIEDAD 'SI cuando Tipo de Proceso (LIQ). Para los otros Procesos Especiales va Null.' treated as REQUIRED.
2026-07-27 14:21:57.685 [WARN ] com.ive.dictionary.DictionaryReader - Sheet 'sb_dato_procesos_especiales': conditional OBLIGATORIEDAD 'SI cuando Tipo de Proceso (LIQ). Para los otros Procesos Especiales va Null.' treated as REQUIRED.
2026-07-27 14:21:57.685 [WARN ] com.ive.dictionary.DictionaryReader - Sheet 'sb_dato_procesos_especiales': conditional OBLIGATORIEDAD 'SI cuando Tipo de Proceso (LIQ). Para los otros Procesos Especiales va Null.' treated as REQUIRED.
2026-07-27 14:21:57.685 [WARN ] com.ive.dictionary.DictionaryReader - Sheet 'sb_dato_procesos_especiales': conditional OBLIGATORIEDAD 'SI cuando Tipo de Proceso (LIQ). Para los otros Procesos Especiales va Null.' treated as REQUIRED.
2026-07-27 14:21:57.687 [WARN ] com.ive.dictionary.DictionaryReader - Sheet 'sb_dato_procesos_especiales': conditional OBLIGATORIEDAD 'SI cuando Tipo de Proceso (LIQ) y tipo de liquidación es excluSIón. Para los otros Procesos Especiales va Null.' treated as REQUIRED.
2026-07-27 14:21:57.687 [WARN ] com.ive.dictionary.DictionaryReader - Sheet 'sb_dato_procesos_especiales': conditional OBLIGATORIEDAD 'SI cuando Tipo de Proceso (LIQ). Para los otros Procesos Especiales va Null.' treated as REQUIRED.
2026-07-27 14:21:57.689 [WARN ] com.ive.dictionary.DictionaryReader - Sheet 'sb_dato_procesos_especiales': conditional OBLIGATORIEDAD 'SI cuando Tipo de Proceso (LIQ). Para los otros Procesos Especiales va Null.' treated as REQUIRED.
2026-07-27 14:21:57.691 [WARN ] com.ive.dictionary.DictionaryReader - Sheet 'sb_dato_procesos_especiales': conditional OBLIGATORIEDAD 'SI cuando Tipo de Proceso (LIQ). Para los otros Procesos Especiales va Null.' treated as REQUIRED.
2026-07-27 14:21:57.691 [WARN ] com.ive.dictionary.DictionaryReader - Sheet 'sb_dato_procesos_especiales': conditional OBLIGATORIEDAD 'SI cuando Tipo de Proceso (LIQ). Para los otros Procesos Especiales va Null.' treated as REQUIRED.
2026-07-27 14:21:57.693 [WARN ] com.ive.dictionary.DictionaryReader - Sheet 'sb_dato_procesos_especiales': conditional OBLIGATORIEDAD 'SI cuando Tipo de Proceso (LIQ) y es una liquidación maSIva. Para los otros Procesos Especiales va Null.' treated as REQUIRED.
2026-07-27 14:21:57.695 [WARN ] com.ive.dictionary.DictionaryReader - Sheet 'sb_dato_procesos_especiales': conditional OBLIGATORIEDAD 'SI cuando Tipo de Proceso (LIQ). Para los otros Procesos Especiales va Null.' treated as REQUIRED.
2026-07-27 14:21:57.697 [WARN ] com.ive.dictionary.DictionaryReader - Sheet 'sb_dato_procesos_especiales': conditional OBLIGATORIEDAD 'SI cuando Tipo de Proceso (AMA,CEA, AUX,LIQ, REC, REI, TEF). Para los otros Procesos Especiales va Null.' treated as REQUIRED.
2026-07-27 14:21:57.698 [WARN ] com.ive.dictionary.DictionaryReader - Sheet 'sb_dato_procesos_especiales': conditional OBLIGATORIEDAD 'SI cuando Tipo de Proceso (LIQ). Para los otros Procesos Especiales va Null.' treated as REQUIRED.
2026-07-27 14:21:57.699 [WARN ] com.ive.dictionary.DictionaryReader - Sheet 'sb_dato_procesos_especiales': conditional OBLIGATORIEDAD 'SI cuando Tipo de Proceso (AMA,CEA, AUX,LIQ, REC, REI, TEF). Para los otros Procesos Especiales va Null.' treated as REQUIRED.
2026-07-27 14:21:57.700 [WARN ] com.ive.dictionary.DictionaryReader - Sheet 'sb_dato_procesos_especiales': conditional OBLIGATORIEDAD 'SI cuando Tipo de Proceso (AMA,CEA, AUX,LIQ, REC, REI, TEF). Para los otros Procesos Especiales va Null.' treated as REQUIRED.
2026-07-27 14:21:57.701 [WARN ] com.ive.dictionary.DictionaryReader - Sheet 'sb_dato_procesos_especiales': conditional OBLIGATORIEDAD 'SI cuando Tipo de Proceso (AMA,CEA, AUX,LIQ, REC, REI, TEF, REAC). Para los otros Procesos Especiales va Null.' treated as REQUIRED.
2026-07-27 14:21:57.702 [WARN ] com.ive.dictionary.DictionaryReader - Sheet 'sb_dato_procesos_especiales': conditional OBLIGATORIEDAD 'SI cuando Tipo de Proceso (AMA,CEA, AUX,LIQ, REC, REI, TEF). Para los otros Procesos Especiales va Null.' treated as REQUIRED.
2026-07-27 14:21:57.703 [WARN ] com.ive.dictionary.DictionaryReader - Sheet 'sb_dato_procesos_especiales': conditional OBLIGATORIEDAD 'SI cuando Tipo de Proceso (AMA,CEA, AUX,LIQ, REC, REI, TEF). Para los otros Procesos Especiales va Null.' treated as REQUIRED.
2026-07-27 14:21:57.704 [WARN ] com.ive.dictionary.DictionaryReader - Sheet 'sb_dato_procesos_especiales': conditional OBLIGATORIEDAD 'SI cuando Tipo de Proceso (AMA,CEA, AUX,LIQ, REC, REI, TEF). Para los otros Procesos Especiales va Null.' treated as REQUIRED.
2026-07-27 14:21:57.707 [WARN ] com.ive.dictionary.DictionaryReader - Sheet 'sb_dato_procesos_especiales': conditional OBLIGATORIEDAD 'SI cuando Tipo de Proceso (LIQ). Para los otros Procesos Especiales va Null.' treated as REQUIRED.
2026-07-27 14:21:57.711 [INFO ] com.ive.dictionary.DictionaryReader - Sheet 'sb_dato_procesos_especiales': 75 field(s), 0 data row(s) loaded.
2026-07-27 14:21:57.715 [INFO ] com.ive.dictionary.DictionaryReader - Sheet '   sb_dato_traslados': 17 field(s), 0 data row(s) loaded.
2026-07-27 14:21:57.717 [INFO ] com.ive.dictionary.DictionaryReader - Dictionary loaded successfully: 7 valid sheet(s).
2026-07-27 14:21:57.717 [INFO ] com.ive.Main - Dictionary loaded: 7 sheet(s).
2026-07-27 14:21:57.719 [INFO ] com.ive.Main - Looking for sheet matching fragment: 'sb_dato_operacion_fondos_20271124'
2026-07-27 14:21:57.722 [ERROR] com.ive.Main - Fatal error: No sheet found matching fragment 'sb_dato_operacion_fondos_20271124' in dictionary: C:\Users\RubenDarioIbarraVirl\Documents\atmSabanas\test\Sabanas Fondos Diccionario de Datos V8 QA.xlsx
com.ive.exceptions.IveException: No sheet found matching fragment 'sb_dato_operacion_fondos_20271124' in dictionary: C:\Users\RubenDarioIbarraVirl\Documents\atmSabanas\test\Sabanas Fondos Diccionario de Datos V8 QA.xlsx
	at com.ive.Main.lambda$main$0(Main.java:58)
	at java.base/java.util.Optional.orElseThrow(Optional.java:403)
	at com.ive.Main.main(Main.java:58)
2026-07-27 14:23:27.117 [INFO ] com.ive.Main - Interface Validation Engine - starting
2026-07-27 14:23:27.120 [INFO ] com.ive.Main - Dictionary : C:\Users\RubenDarioIbarraVirl\Documents\atmSabanas\test\Sabanas Fondos Diccionario de Datos V8 QA.xlsx
2026-07-27 14:23:27.123 [INFO ] com.ive.Main - Sábana     : C:\Users\RubenDarioIbarraVirl\Documents\atmSabanas\test\sb_dato_operacion_fondos_20271124.txt
2026-07-27 14:23:27.127 [INFO ] com.ive.dictionary.DictionaryReader - Reading dictionary: C:\Users\RubenDarioIbarraVirl\Documents\atmSabanas\test\Sabanas Fondos Diccionario de Datos V8 QA.xlsx
2026-07-27 14:23:28.838 [INFO ] com.ive.dictionary.DictionaryReader - Workbook contains 7 sheet(s).
2026-07-27 14:23:28.856 [WARN ] com.ive.dictionary.DictionaryReader - Sheet 'sb_dato_transacciones_fondos', column 20: invalid position '}'. Skipping.
2026-07-27 14:23:28.862 [INFO ] com.ive.dictionary.DictionaryReader - Sheet 'sb_dato_transacciones_fondos': 29 field(s), 0 data row(s) loaded.
2026-07-27 14:23:28.865 [WARN ] com.ive.dictionary.DictionaryReader - Sheet '   sb_dato_operacion_fondos_202': CAMPO row (index 3) has no field names. Using next row as fallback.
2026-07-27 14:23:28.881 [WARN ] com.ive.dictionary.DictionaryReader - Sheet '   sb_dato_operacion_fondos_202': conditional OBLIGATORIEDAD 'Si para fondo de vivienda o garantía' treated as REQUIRED.
2026-07-27 14:23:28.881 [WARN ] com.ive.dictionary.DictionaryReader - Sheet '   sb_dato_operacion_fondos_202': conditional OBLIGATORIEDAD 'Si para fondo de vivienda o garantía' treated as REQUIRED.
2026-07-27 14:23:28.881 [WARN ] com.ive.dictionary.DictionaryReader - Sheet '   sb_dato_operacion_fondos_202': conditional OBLIGATORIEDAD 'Si para fondo de vivienda o garantía' treated as REQUIRED.
2026-07-27 14:23:28.881 [WARN ] com.ive.dictionary.DictionaryReader - Sheet '   sb_dato_operacion_fondos_202': conditional OBLIGATORIEDAD 'Si para fondo de Vivienda y Garantía' treated as REQUIRED.
2026-07-27 14:23:28.881 [WARN ] com.ive.dictionary.DictionaryReader - Sheet '   sb_dato_operacion_fondos_202': conditional OBLIGATORIEDAD 'Si para fondo de vivienda' treated as REQUIRED.
2026-07-27 14:23:28.885 [WARN ] com.ive.dictionary.DictionaryReader - Sheet '   sb_dato_operacion_fondos_202': conditional OBLIGATORIEDAD 'Si para fondo de vivienda' treated as REQUIRED.
2026-07-27 14:23:28.885 [WARN ] com.ive.dictionary.DictionaryReader - Sheet '   sb_dato_operacion_fondos_202': conditional OBLIGATORIEDAD 'Si para fondo de garantía' treated as REQUIRED.
2026-07-27 14:23:28.885 [WARN ] com.ive.dictionary.DictionaryReader - Sheet '   sb_dato_operacion_fondos_202': conditional OBLIGATORIEDAD 'Si para fondo de vivienda o garantía' treated as REQUIRED.
2026-07-27 14:23:28.885 [WARN ] com.ive.dictionary.DictionaryReader - Sheet '   sb_dato_operacion_fondos_202': conditional OBLIGATORIEDAD 'Si para fondo de vivienda' treated as REQUIRED.
2026-07-27 14:23:28.885 [WARN ] com.ive.dictionary.DictionaryReader - Sheet '   sb_dato_operacion_fondos_202': conditional OBLIGATORIEDAD 'Si para fondo de vivienda o garantía' treated as REQUIRED.
2026-07-27 14:23:28.885 [WARN ] com.ive.dictionary.DictionaryReader - Sheet '   sb_dato_operacion_fondos_202': conditional OBLIGATORIEDAD 'Si para fondo de vivienda' treated as REQUIRED.
2026-07-27 14:23:28.888 [WARN ] com.ive.dictionary.DictionaryReader - Sheet '   sb_dato_operacion_fondos_202': conditional OBLIGATORIEDAD 'Si para fondo de garantía' treated as REQUIRED.
2026-07-27 14:23:28.888 [WARN ] com.ive.dictionary.DictionaryReader - Sheet '   sb_dato_operacion_fondos_202': conditional OBLIGATORIEDAD 'Si para fondo de garantía' treated as REQUIRED.
2026-07-27 14:23:28.911 [INFO ] com.ive.dictionary.DictionaryReader - Sheet '   sb_dato_operacion_fondos_202': 49 field(s), 13 data row(s) loaded.
2026-07-27 14:23:28.917 [INFO ] com.ive.dictionary.DictionaryReader - Sheet 'sb_dato_cuentas_por_cobrar': 27 field(s), 0 data row(s) loaded.
2026-07-27 14:23:28.924 [INFO ] com.ive.dictionary.DictionaryReader - Sheet 'sb_dato_tasa_compensada': 32 field(s), 0 data row(s) loaded.
2026-07-27 14:23:28.931 [INFO ] com.ive.dictionary.DictionaryReader - Sheet '   sb_dato_revalorizacion_20270': 16 field(s), 0 data row(s) loaded.
2026-07-27 14:23:28.931 [WARN ] com.ive.dictionary.DictionaryReader - Sheet 'sb_dato_procesos_especiales': conditional OBLIGATORIEDAD 'SI cuando Tipo de Proceso (AMA). Para los otros Procesos Especiales va Null.' treated as REQUIRED.
2026-07-27 14:23:28.933 [WARN ] com.ive.dictionary.DictionaryReader - Sheet 'sb_dato_procesos_especiales': conditional OBLIGATORIEDAD 'SI cuando Tipo de Proceso (AMA,CEA, LIQ). Para los otros Procesos Especiales va Null.' treated as REQUIRED.
2026-07-27 14:23:28.933 [WARN ] com.ive.dictionary.DictionaryReader - Sheet 'sb_dato_procesos_especiales': conditional OBLIGATORIEDAD 'SI cuando Tipo de Proceso (AMA,CEA). Para los otros Procesos Especiales va Null.' treated as REQUIRED.
2026-07-27 14:23:28.933 [WARN ] com.ive.dictionary.DictionaryReader - Sheet 'sb_dato_procesos_especiales': conditional OBLIGATORIEDAD 'SI cuando Tipo de Proceso (AMA,CEA). Para los otros Procesos Especiales va Null.' treated as REQUIRED.
2026-07-27 14:23:28.935 [WARN ] com.ive.dictionary.DictionaryReader - Sheet 'sb_dato_procesos_especiales': conditional OBLIGATORIEDAD 'SI cuando Tipo de Proceso (AMA, AUX). Para los otros Procesos Especiales va Null.' treated as REQUIRED.
2026-07-27 14:23:28.935 [WARN ] com.ive.dictionary.DictionaryReader - Sheet 'sb_dato_procesos_especiales': conditional OBLIGATORIEDAD 'SI cuando Tipo de Proceso (AMA, AUX, REAC). Para los otros Procesos Especiales va Null.' treated as REQUIRED.
2026-07-27 14:23:28.935 [WARN ] com.ive.dictionary.DictionaryReader - Sheet 'sb_dato_procesos_especiales': conditional OBLIGATORIEDAD 'SI cuando Tipo de Proceso (AUX, CEA, REC, LIQ). Para los otros Procesos Especiales va Null.' treated as REQUIRED.
2026-07-27 14:23:28.937 [WARN ] com.ive.dictionary.DictionaryReader - Sheet 'sb_dato_procesos_especiales': conditional OBLIGATORIEDAD 'SI cuando Tipo de Proceso (CEA). Para los otros Procesos Especiales va Null.' treated as REQUIRED.
2026-07-27 14:23:28.937 [WARN ] com.ive.dictionary.DictionaryReader - Sheet 'sb_dato_procesos_especiales': conditional OBLIGATORIEDAD 'SI cuando Tipo de Proceso (CEA). Para los otros Procesos Especiales va Null.' treated as REQUIRED.
2026-07-27 14:23:28.938 [WARN ] com.ive.dictionary.DictionaryReader - Sheet 'sb_dato_procesos_especiales': conditional OBLIGATORIEDAD 'SI cuando Tipo de Proceso (CEA). Para los otros Procesos Especiales va Null.' treated as REQUIRED.
2026-07-27 14:23:28.938 [WARN ] com.ive.dictionary.DictionaryReader - Sheet 'sb_dato_procesos_especiales': conditional OBLIGATORIEDAD 'SI cuando Tipo de Proceso (CEA). Para los otros Procesos Especiales va Null.' treated as REQUIRED.
2026-07-27 14:23:28.940 [WARN ] com.ive.dictionary.DictionaryReader - Sheet 'sb_dato_procesos_especiales': conditional OBLIGATORIEDAD 'SI cuando Tipo de Proceso (REC). Para los otros Procesos Especiales va Null.' treated as REQUIRED.
2026-07-27 14:23:28.940 [WARN ] com.ive.dictionary.DictionaryReader - Sheet 'sb_dato_procesos_especiales': conditional OBLIGATORIEDAD 'SI cuando Tipo de Proceso (REC). Para los otros Procesos Especiales va Null.' treated as REQUIRED.
2026-07-27 14:23:28.940 [WARN ] com.ive.dictionary.DictionaryReader - Sheet 'sb_dato_procesos_especiales': conditional OBLIGATORIEDAD 'SI cuando Tipo de Proceso (REC). Para los otros Procesos Especiales va Null.' treated as REQUIRED.
2026-07-27 14:23:28.940 [WARN ] com.ive.dictionary.DictionaryReader - Sheet 'sb_dato_procesos_especiales': conditional OBLIGATORIEDAD 'SI cuando Tipo de Proceso (REI). Para los otros Procesos Especiales va Null.' treated as REQUIRED.
2026-07-27 14:23:28.944 [WARN ] com.ive.dictionary.DictionaryReader - Sheet 'sb_dato_procesos_especiales': conditional OBLIGATORIEDAD 'SI cuando Tipo de Proceso (REI). Para los otros Procesos Especiales va Null.' treated as REQUIRED.
2026-07-27 14:23:28.946 [WARN ] com.ive.dictionary.DictionaryReader - Sheet 'sb_dato_procesos_especiales': conditional OBLIGATORIEDAD 'SI cuando Tipo de Proceso (REI). Para los otros Procesos Especiales va Null.' treated as REQUIRED.
2026-07-27 14:23:28.946 [WARN ] com.ive.dictionary.DictionaryReader - Sheet 'sb_dato_procesos_especiales': conditional OBLIGATORIEDAD 'SI cuando Tipo de Proceso (REI). Para los otros Procesos Especiales va Null.' treated as REQUIRED.
2026-07-27 14:23:28.946 [WARN ] com.ive.dictionary.DictionaryReader - Sheet 'sb_dato_procesos_especiales': conditional OBLIGATORIEDAD 'SI cuando Tipo de Proceso (REI). Para los otros Procesos Especiales va Null.' treated as REQUIRED.
2026-07-27 14:23:28.948 [WARN ] com.ive.dictionary.DictionaryReader - Sheet 'sb_dato_procesos_especiales': conditional OBLIGATORIEDAD 'SI cuando Tipo de Proceso (REI). Para los otros Procesos Especiales va Null.' treated as REQUIRED.
2026-07-27 14:23:28.948 [WARN ] com.ive.dictionary.DictionaryReader - Sheet 'sb_dato_procesos_especiales': conditional OBLIGATORIEDAD 'SI cuando Tipo de Proceso (TEF). Para los otros Procesos Especiales va Null.' treated as REQUIRED.
2026-07-27 14:23:28.948 [WARN ] com.ive.dictionary.DictionaryReader - Sheet 'sb_dato_procesos_especiales': conditional OBLIGATORIEDAD 'SI cuando Tipo de Proceso (TEF). Para los otros Procesos Especiales va Null.' treated as REQUIRED.
2026-07-27 14:23:28.948 [WARN ] com.ive.dictionary.DictionaryReader - Sheet 'sb_dato_procesos_especiales': conditional OBLIGATORIEDAD 'SI cuando Tipo de Proceso (TEF). Para los otros Procesos Especiales va Null.' treated as REQUIRED.
2026-07-27 14:23:28.948 [WARN ] com.ive.dictionary.DictionaryReader - Sheet 'sb_dato_procesos_especiales': conditional OBLIGATORIEDAD 'SI cuando Tipo de Proceso (TEF). Para los otros Procesos Especiales va Null.' treated as REQUIRED.
2026-07-27 14:23:28.950 [WARN ] com.ive.dictionary.DictionaryReader - Sheet 'sb_dato_procesos_especiales': conditional OBLIGATORIEDAD 'SI cuando Tipo de Proceso (LIQ). Para los otros Procesos Especiales va Null.' treated as REQUIRED.
2026-07-27 14:23:28.950 [WARN ] com.ive.dictionary.DictionaryReader - Sheet 'sb_dato_procesos_especiales': conditional OBLIGATORIEDAD 'SI cuando Tipo de Proceso (LIQ,AUX,CEA). Para los otros Procesos Especiales va Null.' treated as REQUIRED.
2026-07-27 14:23:28.950 [WARN ] com.ive.dictionary.DictionaryReader - Sheet 'sb_dato_procesos_especiales': conditional OBLIGATORIEDAD 'SI cuando Tipo de Proceso (LIQ). Para los otros Procesos Especiales va Null.' treated as REQUIRED.
2026-07-27 14:23:28.950 [WARN ] com.ive.dictionary.DictionaryReader - Sheet 'sb_dato_procesos_especiales': conditional OBLIGATORIEDAD 'SI cuando Tipo de Proceso (LIQ). Para los otros Procesos Especiales va Null.' treated as REQUIRED.
2026-07-27 14:23:28.950 [WARN ] com.ive.dictionary.DictionaryReader - Sheet 'sb_dato_procesos_especiales': conditional OBLIGATORIEDAD 'SI cuando Tipo de Proceso (LIQ). Para los otros Procesos Especiales va Null.' treated as REQUIRED.
2026-07-27 14:23:28.950 [WARN ] com.ive.dictionary.DictionaryReader - Sheet 'sb_dato_procesos_especiales': conditional OBLIGATORIEDAD 'SI cuando Tipo de Proceso (LIQ). Para los otros Procesos Especiales va Null.' treated as REQUIRED.
2026-07-27 14:23:28.952 [WARN ] com.ive.dictionary.DictionaryReader - Sheet 'sb_dato_procesos_especiales': conditional OBLIGATORIEDAD 'SI cuando Tipo de Proceso (LIQ) y tipo de liquidación es excluSIón. Para los otros Procesos Especiales va Null.' treated as REQUIRED.
2026-07-27 14:23:28.952 [WARN ] com.ive.dictionary.DictionaryReader - Sheet 'sb_dato_procesos_especiales': conditional OBLIGATORIEDAD 'SI cuando Tipo de Proceso (LIQ). Para los otros Procesos Especiales va Null.' treated as REQUIRED.
2026-07-27 14:23:28.952 [WARN ] com.ive.dictionary.DictionaryReader - Sheet 'sb_dato_procesos_especiales': conditional OBLIGATORIEDAD 'SI cuando Tipo de Proceso (LIQ). Para los otros Procesos Especiales va Null.' treated as REQUIRED.
2026-07-27 14:23:28.952 [WARN ] com.ive.dictionary.DictionaryReader - Sheet 'sb_dato_procesos_especiales': conditional OBLIGATORIEDAD 'SI cuando Tipo de Proceso (LIQ). Para los otros Procesos Especiales va Null.' treated as REQUIRED.
2026-07-27 14:23:28.952 [WARN ] com.ive.dictionary.DictionaryReader - Sheet 'sb_dato_procesos_especiales': conditional OBLIGATORIEDAD 'SI cuando Tipo de Proceso (LIQ). Para los otros Procesos Especiales va Null.' treated as REQUIRED.
2026-07-27 14:23:28.954 [WARN ] com.ive.dictionary.DictionaryReader - Sheet 'sb_dato_procesos_especiales': conditional OBLIGATORIEDAD 'SI cuando Tipo de Proceso (LIQ) y es una liquidación maSIva. Para los otros Procesos Especiales va Null.' treated as REQUIRED.
2026-07-27 14:23:28.954 [WARN ] com.ive.dictionary.DictionaryReader - Sheet 'sb_dato_procesos_especiales': conditional OBLIGATORIEDAD 'SI cuando Tipo de Proceso (LIQ). Para los otros Procesos Especiales va Null.' treated as REQUIRED.
2026-07-27 14:23:28.954 [WARN ] com.ive.dictionary.DictionaryReader - Sheet 'sb_dato_procesos_especiales': conditional OBLIGATORIEDAD 'SI cuando Tipo de Proceso (AMA,CEA, AUX,LIQ, REC, REI, TEF). Para los otros Procesos Especiales va Null.' treated as REQUIRED.
2026-07-27 14:23:28.954 [WARN ] com.ive.dictionary.DictionaryReader - Sheet 'sb_dato_procesos_especiales': conditional OBLIGATORIEDAD 'SI cuando Tipo de Proceso (LIQ). Para los otros Procesos Especiales va Null.' treated as REQUIRED.
2026-07-27 14:23:28.954 [WARN ] com.ive.dictionary.DictionaryReader - Sheet 'sb_dato_procesos_especiales': conditional OBLIGATORIEDAD 'SI cuando Tipo de Proceso (AMA,CEA, AUX,LIQ, REC, REI, TEF). Para los otros Procesos Especiales va Null.' treated as REQUIRED.
2026-07-27 14:23:28.954 [WARN ] com.ive.dictionary.DictionaryReader - Sheet 'sb_dato_procesos_especiales': conditional OBLIGATORIEDAD 'SI cuando Tipo de Proceso (AMA,CEA, AUX,LIQ, REC, REI, TEF). Para los otros Procesos Especiales va Null.' treated as REQUIRED.
2026-07-27 14:23:28.954 [WARN ] com.ive.dictionary.DictionaryReader - Sheet 'sb_dato_procesos_especiales': conditional OBLIGATORIEDAD 'SI cuando Tipo de Proceso (AMA,CEA, AUX,LIQ, REC, REI, TEF, REAC). Para los otros Procesos Especiales va Null.' treated as REQUIRED.
2026-07-27 14:23:28.957 [WARN ] com.ive.dictionary.DictionaryReader - Sheet 'sb_dato_procesos_especiales': conditional OBLIGATORIEDAD 'SI cuando Tipo de Proceso (AMA,CEA, AUX,LIQ, REC, REI, TEF). Para los otros Procesos Especiales va Null.' treated as REQUIRED.
2026-07-27 14:23:28.957 [WARN ] com.ive.dictionary.DictionaryReader - Sheet 'sb_dato_procesos_especiales': conditional OBLIGATORIEDAD 'SI cuando Tipo de Proceso (AMA,CEA, AUX,LIQ, REC, REI, TEF). Para los otros Procesos Especiales va Null.' treated as REQUIRED.
2026-07-27 14:23:28.957 [WARN ] com.ive.dictionary.DictionaryReader - Sheet 'sb_dato_procesos_especiales': conditional OBLIGATORIEDAD 'SI cuando Tipo de Proceso (AMA,CEA, AUX,LIQ, REC, REI, TEF). Para los otros Procesos Especiales va Null.' treated as REQUIRED.
2026-07-27 14:23:28.957 [WARN ] com.ive.dictionary.DictionaryReader - Sheet 'sb_dato_procesos_especiales': conditional OBLIGATORIEDAD 'SI cuando Tipo de Proceso (LIQ). Para los otros Procesos Especiales va Null.' treated as REQUIRED.
2026-07-27 14:23:28.960 [INFO ] com.ive.dictionary.DictionaryReader - Sheet 'sb_dato_procesos_especiales': 75 field(s), 0 data row(s) loaded.
2026-07-27 14:23:28.963 [INFO ] com.ive.dictionary.DictionaryReader - Sheet '   sb_dato_traslados': 17 field(s), 0 data row(s) loaded.
2026-07-27 14:23:28.963 [INFO ] com.ive.dictionary.DictionaryReader - Dictionary loaded successfully: 7 valid sheet(s).
2026-07-27 14:23:28.963 [INFO ] com.ive.Main - Dictionary loaded: 7 sheet(s).
2026-07-27 14:23:28.963 [INFO ] com.ive.Main - Looking for sheet matching fragment: 'sb_dato_operacion_fondos_20271124'
2026-07-27 14:23:28.963 [INFO ] com.ive.Main - Matched sheet: '   sb_dato_operacion_fondos_202' (49 fields, 13 Excel data row(s))
2026-07-27 14:23:28.972 [INFO ] com.ive.engine.ComparisonEngine - Key fields for '   sb_dato_operacion_fondos_202': [do_id, do_ente]
2026-07-27 14:23:28.972 [INFO ] com.ive.util.FlatFileReader - Reading interface file: C:\Users\RubenDarioIbarraVirl\Documents\atmSabanas\test\sb_dato_operacion_fondos_20271124.txt
2026-07-27 14:23:28.977 [INFO ] com.ive.util.FlatFileReader - Interface file loaded: 11 line(s).
2026-07-27 14:23:28.979 [INFO ] com.ive.engine.SabanaIndex - SabanaIndex built: 11 record(s) indexed.
2026-07-27 14:23:28.983 [INFO ] com.ive.engine.ComparisonEngine - Comparison complete: 13/13 Excel row(s) have errors.
2026-07-27 14:23:28.996 [INFO ] com.ive.excel.ResultWriter - Writing result file: C:\Users\RubenDarioIbarraVirl\Documents\atmSabanas\test\resultado_   sb_dato_operacion_fondos_202_20260727_142328.xlsx
2026-07-27 14:23:30.495 [INFO ] com.ive.excel.ResultWriter - Result file saved: C:\Users\RubenDarioIbarraVirl\Documents\atmSabanas\test\resultado_   sb_dato_operacion_fondos_202_20260727_142328.xlsx
2026-07-27 14:23:30.502 [WARN ] com.ive.Main - Result: FAIL - 13/13 Excel row(s) have errors. See: C:\Users\RubenDarioIbarraVirl\Documents\atmSabanas\test\resultado_   sb_dato_operacion_fondos_202_20260727_142328.xlsx
2026-07-27 14:23:30.502 [INFO ] com.ive.Main - Interface Validation Engine - done
2026-07-27 14:24:17.538 [INFO ] com.ive.Main - Interface Validation Engine - starting
2026-07-27 14:24:17.549 [INFO ] com.ive.Main - Dictionary : C:\Users\RubenDarioIbarraVirl\Documents\atmSabanas\test\Sabanas Fondos Diccionario de Datos V8 QA.xlsx
2026-07-27 14:24:17.552 [INFO ] com.ive.Main - Sábana     : C:\Users\RubenDarioIbarraVirl\Documents\atmSabanas\test\sb_dato_operacion_fondos_20271124.txt
2026-07-27 14:24:17.554 [INFO ] com.ive.dictionary.DictionaryReader - Reading dictionary: C:\Users\RubenDarioIbarraVirl\Documents\atmSabanas\test\Sabanas Fondos Diccionario de Datos V8 QA.xlsx
2026-07-27 14:24:19.391 [INFO ] com.ive.dictionary.DictionaryReader - Workbook contains 7 sheet(s).
2026-07-27 14:24:19.409 [WARN ] com.ive.dictionary.DictionaryReader - Sheet 'sb_dato_transacciones_fondos', column 20: invalid position '}'. Skipping.
2026-07-27 14:24:19.415 [INFO ] com.ive.dictionary.DictionaryReader - Sheet 'sb_dato_transacciones_fondos': 29 field(s), 0 data row(s) loaded.
2026-07-27 14:24:19.422 [WARN ] com.ive.dictionary.DictionaryReader - Sheet '   sb_dato_operacion_fondos_202': CAMPO row (index 3) has no field names. Using next row as fallback.
2026-07-27 14:24:19.435 [WARN ] com.ive.dictionary.DictionaryReader - Sheet '   sb_dato_operacion_fondos_202': conditional OBLIGATORIEDAD 'Si para fondo de vivienda o garantía' treated as REQUIRED.
2026-07-27 14:24:19.437 [WARN ] com.ive.dictionary.DictionaryReader - Sheet '   sb_dato_operacion_fondos_202': conditional OBLIGATORIEDAD 'Si para fondo de vivienda o garantía' treated as REQUIRED.
2026-07-27 14:24:19.437 [WARN ] com.ive.dictionary.DictionaryReader - Sheet '   sb_dato_operacion_fondos_202': conditional OBLIGATORIEDAD 'Si para fondo de vivienda o garantía' treated as REQUIRED.
2026-07-27 14:24:19.437 [WARN ] com.ive.dictionary.DictionaryReader - Sheet '   sb_dato_operacion_fondos_202': conditional OBLIGATORIEDAD 'Si para fondo de Vivienda y Garantía' treated as REQUIRED.
2026-07-27 14:24:19.437 [WARN ] com.ive.dictionary.DictionaryReader - Sheet '   sb_dato_operacion_fondos_202': conditional OBLIGATORIEDAD 'Si para fondo de vivienda' treated as REQUIRED.
2026-07-27 14:24:19.439 [WARN ] com.ive.dictionary.DictionaryReader - Sheet '   sb_dato_operacion_fondos_202': conditional OBLIGATORIEDAD 'Si para fondo de vivienda' treated as REQUIRED.
2026-07-27 14:24:19.440 [WARN ] com.ive.dictionary.DictionaryReader - Sheet '   sb_dato_operacion_fondos_202': conditional OBLIGATORIEDAD 'Si para fondo de garantía' treated as REQUIRED.
2026-07-27 14:24:19.440 [WARN ] com.ive.dictionary.DictionaryReader - Sheet '   sb_dato_operacion_fondos_202': conditional OBLIGATORIEDAD 'Si para fondo de vivienda o garantía' treated as REQUIRED.
2026-07-27 14:24:19.441 [WARN ] com.ive.dictionary.DictionaryReader - Sheet '   sb_dato_operacion_fondos_202': conditional OBLIGATORIEDAD 'Si para fondo de vivienda' treated as REQUIRED.
2026-07-27 14:24:19.441 [WARN ] com.ive.dictionary.DictionaryReader - Sheet '   sb_dato_operacion_fondos_202': conditional OBLIGATORIEDAD 'Si para fondo de vivienda o garantía' treated as REQUIRED.
2026-07-27 14:24:19.442 [WARN ] com.ive.dictionary.DictionaryReader - Sheet '   sb_dato_operacion_fondos_202': conditional OBLIGATORIEDAD 'Si para fondo de vivienda' treated as REQUIRED.
2026-07-27 14:24:19.443 [WARN ] com.ive.dictionary.DictionaryReader - Sheet '   sb_dato_operacion_fondos_202': conditional OBLIGATORIEDAD 'Si para fondo de garantía' treated as REQUIRED.
2026-07-27 14:24:19.444 [WARN ] com.ive.dictionary.DictionaryReader - Sheet '   sb_dato_operacion_fondos_202': conditional OBLIGATORIEDAD 'Si para fondo de garantía' treated as REQUIRED.
2026-07-27 14:24:19.465 [INFO ] com.ive.dictionary.DictionaryReader - Sheet '   sb_dato_operacion_fondos_202': 49 field(s), 13 data row(s) loaded.
2026-07-27 14:24:19.468 [INFO ] com.ive.dictionary.DictionaryReader - Sheet 'sb_dato_cuentas_por_cobrar': 27 field(s), 0 data row(s) loaded.
2026-07-27 14:24:19.473 [INFO ] com.ive.dictionary.DictionaryReader - Sheet 'sb_dato_tasa_compensada': 32 field(s), 0 data row(s) loaded.
2026-07-27 14:24:19.476 [INFO ] com.ive.dictionary.DictionaryReader - Sheet '   sb_dato_revalorizacion_20270': 16 field(s), 0 data row(s) loaded.
2026-07-27 14:24:19.477 [WARN ] com.ive.dictionary.DictionaryReader - Sheet 'sb_dato_procesos_especiales': conditional OBLIGATORIEDAD 'SI cuando Tipo de Proceso (AMA). Para los otros Procesos Especiales va Null.' treated as REQUIRED.
2026-07-27 14:24:19.478 [WARN ] com.ive.dictionary.DictionaryReader - Sheet 'sb_dato_procesos_especiales': conditional OBLIGATORIEDAD 'SI cuando Tipo de Proceso (AMA,CEA, LIQ). Para los otros Procesos Especiales va Null.' treated as REQUIRED.
2026-07-27 14:24:19.478 [WARN ] com.ive.dictionary.DictionaryReader - Sheet 'sb_dato_procesos_especiales': conditional OBLIGATORIEDAD 'SI cuando Tipo de Proceso (AMA,CEA). Para los otros Procesos Especiales va Null.' treated as REQUIRED.
2026-07-27 14:24:19.479 [WARN ] com.ive.dictionary.DictionaryReader - Sheet 'sb_dato_procesos_especiales': conditional OBLIGATORIEDAD 'SI cuando Tipo de Proceso (AMA,CEA). Para los otros Procesos Especiales va Null.' treated as REQUIRED.
2026-07-27 14:24:19.479 [WARN ] com.ive.dictionary.DictionaryReader - Sheet 'sb_dato_procesos_especiales': conditional OBLIGATORIEDAD 'SI cuando Tipo de Proceso (AMA, AUX). Para los otros Procesos Especiales va Null.' treated as REQUIRED.
2026-07-27 14:24:19.479 [WARN ] com.ive.dictionary.DictionaryReader - Sheet 'sb_dato_procesos_especiales': conditional OBLIGATORIEDAD 'SI cuando Tipo de Proceso (AMA, AUX, REAC). Para los otros Procesos Especiales va Null.' treated as REQUIRED.
2026-07-27 14:24:19.479 [WARN ] com.ive.dictionary.DictionaryReader - Sheet 'sb_dato_procesos_especiales': conditional OBLIGATORIEDAD 'SI cuando Tipo de Proceso (AUX, CEA, REC, LIQ). Para los otros Procesos Especiales va Null.' treated as REQUIRED.
2026-07-27 14:24:19.479 [WARN ] com.ive.dictionary.DictionaryReader - Sheet 'sb_dato_procesos_especiales': conditional OBLIGATORIEDAD 'SI cuando Tipo de Proceso (CEA). Para los otros Procesos Especiales va Null.' treated as REQUIRED.
2026-07-27 14:24:19.479 [WARN ] com.ive.dictionary.DictionaryReader - Sheet 'sb_dato_procesos_especiales': conditional OBLIGATORIEDAD 'SI cuando Tipo de Proceso (CEA). Para los otros Procesos Especiales va Null.' treated as REQUIRED.
2026-07-27 14:24:19.481 [WARN ] com.ive.dictionary.DictionaryReader - Sheet 'sb_dato_procesos_especiales': conditional OBLIGATORIEDAD 'SI cuando Tipo de Proceso (CEA). Para los otros Procesos Especiales va Null.' treated as REQUIRED.
2026-07-27 14:24:19.481 [WARN ] com.ive.dictionary.DictionaryReader - Sheet 'sb_dato_procesos_especiales': conditional OBLIGATORIEDAD 'SI cuando Tipo de Proceso (CEA). Para los otros Procesos Especiales va Null.' treated as REQUIRED.
2026-07-27 14:24:19.481 [WARN ] com.ive.dictionary.DictionaryReader - Sheet 'sb_dato_procesos_especiales': conditional OBLIGATORIEDAD 'SI cuando Tipo de Proceso (REC). Para los otros Procesos Especiales va Null.' treated as REQUIRED.
2026-07-27 14:24:19.481 [WARN ] com.ive.dictionary.DictionaryReader - Sheet 'sb_dato_procesos_especiales': conditional OBLIGATORIEDAD 'SI cuando Tipo de Proceso (REC). Para los otros Procesos Especiales va Null.' treated as REQUIRED.
2026-07-27 14:24:19.481 [WARN ] com.ive.dictionary.DictionaryReader - Sheet 'sb_dato_procesos_especiales': conditional OBLIGATORIEDAD 'SI cuando Tipo de Proceso (REC). Para los otros Procesos Especiales va Null.' treated as REQUIRED.
2026-07-27 14:24:19.481 [WARN ] com.ive.dictionary.DictionaryReader - Sheet 'sb_dato_procesos_especiales': conditional OBLIGATORIEDAD 'SI cuando Tipo de Proceso (REI). Para los otros Procesos Especiales va Null.' treated as REQUIRED.
2026-07-27 14:24:19.483 [WARN ] com.ive.dictionary.DictionaryReader - Sheet 'sb_dato_procesos_especiales': conditional OBLIGATORIEDAD 'SI cuando Tipo de Proceso (REI). Para los otros Procesos Especiales va Null.' treated as REQUIRED.
2026-07-27 14:24:19.483 [WARN ] com.ive.dictionary.DictionaryReader - Sheet 'sb_dato_procesos_especiales': conditional OBLIGATORIEDAD 'SI cuando Tipo de Proceso (REI). Para los otros Procesos Especiales va Null.' treated as REQUIRED.
2026-07-27 14:24:19.483 [WARN ] com.ive.dictionary.DictionaryReader - Sheet 'sb_dato_procesos_especiales': conditional OBLIGATORIEDAD 'SI cuando Tipo de Proceso (REI). Para los otros Procesos Especiales va Null.' treated as REQUIRED.
2026-07-27 14:24:19.483 [WARN ] com.ive.dictionary.DictionaryReader - Sheet 'sb_dato_procesos_especiales': conditional OBLIGATORIEDAD 'SI cuando Tipo de Proceso (REI). Para los otros Procesos Especiales va Null.' treated as REQUIRED.
2026-07-27 14:24:19.483 [WARN ] com.ive.dictionary.DictionaryReader - Sheet 'sb_dato_procesos_especiales': conditional OBLIGATORIEDAD 'SI cuando Tipo de Proceso (REI). Para los otros Procesos Especiales va Null.' treated as REQUIRED.
2026-07-27 14:24:19.483 [WARN ] com.ive.dictionary.DictionaryReader - Sheet 'sb_dato_procesos_especiales': conditional OBLIGATORIEDAD 'SI cuando Tipo de Proceso (TEF). Para los otros Procesos Especiales va Null.' treated as REQUIRED.
2026-07-27 14:24:19.483 [WARN ] com.ive.dictionary.DictionaryReader - Sheet 'sb_dato_procesos_especiales': conditional OBLIGATORIEDAD 'SI cuando Tipo de Proceso (TEF). Para los otros Procesos Especiales va Null.' treated as REQUIRED.
2026-07-27 14:24:19.485 [WARN ] com.ive.dictionary.DictionaryReader - Sheet 'sb_dato_procesos_especiales': conditional OBLIGATORIEDAD 'SI cuando Tipo de Proceso (TEF). Para los otros Procesos Especiales va Null.' treated as REQUIRED.
2026-07-27 14:24:19.485 [WARN ] com.ive.dictionary.DictionaryReader - Sheet 'sb_dato_procesos_especiales': conditional OBLIGATORIEDAD 'SI cuando Tipo de Proceso (TEF). Para los otros Procesos Especiales va Null.' treated as REQUIRED.
2026-07-27 14:24:19.485 [WARN ] com.ive.dictionary.DictionaryReader - Sheet 'sb_dato_procesos_especiales': conditional OBLIGATORIEDAD 'SI cuando Tipo de Proceso (LIQ). Para los otros Procesos Especiales va Null.' treated as REQUIRED.
2026-07-27 14:24:19.485 [WARN ] com.ive.dictionary.DictionaryReader - Sheet 'sb_dato_procesos_especiales': conditional OBLIGATORIEDAD 'SI cuando Tipo de Proceso (LIQ,AUX,CEA). Para los otros Procesos Especiales va Null.' treated as REQUIRED.
2026-07-27 14:24:19.485 [WARN ] com.ive.dictionary.DictionaryReader - Sheet 'sb_dato_procesos_especiales': conditional OBLIGATORIEDAD 'SI cuando Tipo de Proceso (LIQ). Para los otros Procesos Especiales va Null.' treated as REQUIRED.
2026-07-27 14:24:19.485 [WARN ] com.ive.dictionary.DictionaryReader - Sheet 'sb_dato_procesos_especiales': conditional OBLIGATORIEDAD 'SI cuando Tipo de Proceso (LIQ). Para los otros Procesos Especiales va Null.' treated as REQUIRED.
2026-07-27 14:24:19.487 [WARN ] com.ive.dictionary.DictionaryReader - Sheet 'sb_dato_procesos_especiales': conditional OBLIGATORIEDAD 'SI cuando Tipo de Proceso (LIQ). Para los otros Procesos Especiales va Null.' treated as REQUIRED.
2026-07-27 14:24:19.487 [WARN ] com.ive.dictionary.DictionaryReader - Sheet 'sb_dato_procesos_especiales': conditional OBLIGATORIEDAD 'SI cuando Tipo de Proceso (LIQ). Para los otros Procesos Especiales va Null.' treated as REQUIRED.
2026-07-27 14:24:19.487 [WARN ] com.ive.dictionary.DictionaryReader - Sheet 'sb_dato_procesos_especiales': conditional OBLIGATORIEDAD 'SI cuando Tipo de Proceso (LIQ) y tipo de liquidación es excluSIón. Para los otros Procesos Especiales va Null.' treated as REQUIRED.
2026-07-27 14:24:19.487 [WARN ] com.ive.dictionary.DictionaryReader - Sheet 'sb_dato_procesos_especiales': conditional OBLIGATORIEDAD 'SI cuando Tipo de Proceso (LIQ). Para los otros Procesos Especiales va Null.' treated as REQUIRED.
2026-07-27 14:24:19.487 [WARN ] com.ive.dictionary.DictionaryReader - Sheet 'sb_dato_procesos_especiales': conditional OBLIGATORIEDAD 'SI cuando Tipo de Proceso (LIQ). Para los otros Procesos Especiales va Null.' treated as REQUIRED.
2026-07-27 14:24:19.487 [WARN ] com.ive.dictionary.DictionaryReader - Sheet 'sb_dato_procesos_especiales': conditional OBLIGATORIEDAD 'SI cuando Tipo de Proceso (LIQ). Para los otros Procesos Especiales va Null.' treated as REQUIRED.
2026-07-27 14:24:19.489 [WARN ] com.ive.dictionary.DictionaryReader - Sheet 'sb_dato_procesos_especiales': conditional OBLIGATORIEDAD 'SI cuando Tipo de Proceso (LIQ). Para los otros Procesos Especiales va Null.' treated as REQUIRED.
2026-07-27 14:24:19.490 [WARN ] com.ive.dictionary.DictionaryReader - Sheet 'sb_dato_procesos_especiales': conditional OBLIGATORIEDAD 'SI cuando Tipo de Proceso (LIQ) y es una liquidación maSIva. Para los otros Procesos Especiales va Null.' treated as REQUIRED.
2026-07-27 14:24:19.490 [WARN ] com.ive.dictionary.DictionaryReader - Sheet 'sb_dato_procesos_especiales': conditional OBLIGATORIEDAD 'SI cuando Tipo de Proceso (LIQ). Para los otros Procesos Especiales va Null.' treated as REQUIRED.
2026-07-27 14:24:19.490 [WARN ] com.ive.dictionary.DictionaryReader - Sheet 'sb_dato_procesos_especiales': conditional OBLIGATORIEDAD 'SI cuando Tipo de Proceso (AMA,CEA, AUX,LIQ, REC, REI, TEF). Para los otros Procesos Especiales va Null.' treated as REQUIRED.
2026-07-27 14:24:19.491 [WARN ] com.ive.dictionary.DictionaryReader - Sheet 'sb_dato_procesos_especiales': conditional OBLIGATORIEDAD 'SI cuando Tipo de Proceso (LIQ). Para los otros Procesos Especiales va Null.' treated as REQUIRED.
2026-07-27 14:24:19.492 [WARN ] com.ive.dictionary.DictionaryReader - Sheet 'sb_dato_procesos_especiales': conditional OBLIGATORIEDAD 'SI cuando Tipo de Proceso (AMA,CEA, AUX,LIQ, REC, REI, TEF). Para los otros Procesos Especiales va Null.' treated as REQUIRED.
2026-07-27 14:24:19.492 [WARN ] com.ive.dictionary.DictionaryReader - Sheet 'sb_dato_procesos_especiales': conditional OBLIGATORIEDAD 'SI cuando Tipo de Proceso (AMA,CEA, AUX,LIQ, REC, REI, TEF). Para los otros Procesos Especiales va Null.' treated as REQUIRED.
2026-07-27 14:24:19.493 [WARN ] com.ive.dictionary.DictionaryReader - Sheet 'sb_dato_procesos_especiales': conditional OBLIGATORIEDAD 'SI cuando Tipo de Proceso (AMA,CEA, AUX,LIQ, REC, REI, TEF, REAC). Para los otros Procesos Especiales va Null.' treated as REQUIRED.
2026-07-27 14:24:19.493 [WARN ] com.ive.dictionary.DictionaryReader - Sheet 'sb_dato_procesos_especiales': conditional OBLIGATORIEDAD 'SI cuando Tipo de Proceso (AMA,CEA, AUX,LIQ, REC, REI, TEF). Para los otros Procesos Especiales va Null.' treated as REQUIRED.
2026-07-27 14:24:19.494 [WARN ] com.ive.dictionary.DictionaryReader - Sheet 'sb_dato_procesos_especiales': conditional OBLIGATORIEDAD 'SI cuando Tipo de Proceso (AMA,CEA, AUX,LIQ, REC, REI, TEF). Para los otros Procesos Especiales va Null.' treated as REQUIRED.
2026-07-27 14:24:19.494 [WARN ] com.ive.dictionary.DictionaryReader - Sheet 'sb_dato_procesos_especiales': conditional OBLIGATORIEDAD 'SI cuando Tipo de Proceso (AMA,CEA, AUX,LIQ, REC, REI, TEF). Para los otros Procesos Especiales va Null.' treated as REQUIRED.
2026-07-27 14:24:19.494 [WARN ] com.ive.dictionary.DictionaryReader - Sheet 'sb_dato_procesos_especiales': conditional OBLIGATORIEDAD 'SI cuando Tipo de Proceso (LIQ). Para los otros Procesos Especiales va Null.' treated as REQUIRED.
2026-07-27 14:24:19.496 [INFO ] com.ive.dictionary.DictionaryReader - Sheet 'sb_dato_procesos_especiales': 75 field(s), 0 data row(s) loaded.
2026-07-27 14:24:19.500 [INFO ] com.ive.dictionary.DictionaryReader - Sheet '   sb_dato_traslados': 17 field(s), 0 data row(s) loaded.
2026-07-27 14:24:19.500 [INFO ] com.ive.dictionary.DictionaryReader - Dictionary loaded successfully: 7 valid sheet(s).
2026-07-27 14:24:19.500 [INFO ] com.ive.Main - Dictionary loaded: 7 sheet(s).
2026-07-27 14:24:19.500 [INFO ] com.ive.Main - Looking for sheet matching fragment: 'sb_dato_operacion_fondos_20271124'
2026-07-27 14:24:19.504 [INFO ] com.ive.Main - Matched sheet: '   sb_dato_operacion_fondos_202' (49 fields, 13 Excel data row(s))
2026-07-27 14:24:19.510 [INFO ] com.ive.engine.ComparisonEngine - Key fields for '   sb_dato_operacion_fondos_202': [do_id, do_ente]
2026-07-27 14:24:19.513 [INFO ] com.ive.util.FlatFileReader - Reading interface file: C:\Users\RubenDarioIbarraVirl\Documents\atmSabanas\test\sb_dato_operacion_fondos_20271124.txt
2026-07-27 14:24:19.515 [INFO ] com.ive.util.FlatFileReader - Interface file loaded: 11 line(s).
2026-07-27 14:24:19.519 [INFO ] com.ive.engine.SabanaIndex - SabanaIndex built: 11 record(s) indexed.
2026-07-27 14:24:19.531 [INFO ] com.ive.engine.ComparisonEngine - Comparison complete: 13/13 Excel row(s) have errors.
2026-07-27 14:24:19.536 [INFO ] com.ive.excel.ResultWriter - Writing result file: C:\Users\RubenDarioIbarraVirl\Documents\atmSabanas\test\resultado_sb_dato_operacion_fondos_202_20260727_142419.xlsx
2026-07-27 14:24:20.810 [INFO ] com.ive.excel.ResultWriter - Result file saved: C:\Users\RubenDarioIbarraVirl\Documents\atmSabanas\test\resultado_sb_dato_operacion_fondos_202_20260727_142419.xlsx
2026-07-27 14:24:20.812 [WARN ] com.ive.Main - Result: FAIL - 13/13 Excel row(s) have errors. See: C:\Users\RubenDarioIbarraVirl\Documents\atmSabanas\test\resultado_sb_dato_operacion_fondos_202_20260727_142419.xlsx
2026-07-27 14:24:20.812 [INFO ] com.ive.Main - Interface Validation Engine - done
2026-07-27 15:05:55.881 [INFO ] com.ive.Main - Interface Validation Engine - starting
2026-07-27 15:05:55.884 [INFO ] com.ive.Main - Dictionary : C:\Users\RubenDarioIbarraVirl\Documents\atmSabanas\test\Sabanas Fondos Diccionario de Datos V8 QA.xlsx
2026-07-27 15:05:55.884 [INFO ] com.ive.Main - Sábana     : C:\Users\RubenDarioIbarraVirl\Documents\atmSabanas\test\sb_dato_operacion_fondos_20271124.txt
2026-07-27 15:05:55.884 [INFO ] com.ive.dictionary.DictionaryReader - Reading dictionary: C:\Users\RubenDarioIbarraVirl\Documents\atmSabanas\test\Sabanas Fondos Diccionario de Datos V8 QA.xlsx
2026-07-27 15:05:57.459 [INFO ] com.ive.dictionary.DictionaryReader - Workbook contains 7 sheet(s).
2026-07-27 15:05:57.483 [WARN ] com.ive.dictionary.DictionaryReader - Sheet 'sb_dato_transacciones_fondos', column 20: invalid position '}'. Skipping.
2026-07-27 15:05:57.489 [INFO ] com.ive.dictionary.DictionaryReader - Sheet 'sb_dato_transacciones_fondos': 29 field(s), 0 data row(s) loaded.
2026-07-27 15:05:57.492 [WARN ] com.ive.dictionary.DictionaryReader - Sheet '   sb_dato_operacion_fondos_202': CAMPO row (index 3) has no field names. Using next row as fallback.
2026-07-27 15:05:57.515 [WARN ] com.ive.dictionary.DictionaryReader - Sheet '   sb_dato_operacion_fondos_202': conditional OBLIGATORIEDAD 'Si para fondo de vivienda o garantía' treated as REQUIRED.
2026-07-27 15:05:57.525 [WARN ] com.ive.dictionary.DictionaryReader - Sheet '   sb_dato_operacion_fondos_202': conditional OBLIGATORIEDAD 'Si para fondo de vivienda o garantía' treated as REQUIRED.
2026-07-27 15:05:57.529 [WARN ] com.ive.dictionary.DictionaryReader - Sheet '   sb_dato_operacion_fondos_202': conditional OBLIGATORIEDAD 'Si para fondo de vivienda o garantía' treated as REQUIRED.
2026-07-27 15:05:57.531 [WARN ] com.ive.dictionary.DictionaryReader - Sheet '   sb_dato_operacion_fondos_202': conditional OBLIGATORIEDAD 'Si para fondo de Vivienda y Garantía' treated as REQUIRED.
2026-07-27 15:05:57.532 [WARN ] com.ive.dictionary.DictionaryReader - Sheet '   sb_dato_operacion_fondos_202': conditional OBLIGATORIEDAD 'Si para fondo de vivienda' treated as REQUIRED.
2026-07-27 15:05:57.536 [WARN ] com.ive.dictionary.DictionaryReader - Sheet '   sb_dato_operacion_fondos_202': conditional OBLIGATORIEDAD 'Si para fondo de vivienda' treated as REQUIRED.
2026-07-27 15:05:57.536 [WARN ] com.ive.dictionary.DictionaryReader - Sheet '   sb_dato_operacion_fondos_202': conditional OBLIGATORIEDAD 'Si para fondo de garantía' treated as REQUIRED.
2026-07-27 15:05:57.538 [WARN ] com.ive.dictionary.DictionaryReader - Sheet '   sb_dato_operacion_fondos_202': conditional OBLIGATORIEDAD 'Si para fondo de vivienda o garantía' treated as REQUIRED.
2026-07-27 15:05:57.538 [WARN ] com.ive.dictionary.DictionaryReader - Sheet '   sb_dato_operacion_fondos_202': conditional OBLIGATORIEDAD 'Si para fondo de vivienda' treated as REQUIRED.
2026-07-27 15:05:57.540 [WARN ] com.ive.dictionary.DictionaryReader - Sheet '   sb_dato_operacion_fondos_202': conditional OBLIGATORIEDAD 'Si para fondo de vivienda o garantía' treated as REQUIRED.
2026-07-27 15:05:57.543 [WARN ] com.ive.dictionary.DictionaryReader - Sheet '   sb_dato_operacion_fondos_202': conditional OBLIGATORIEDAD 'Si para fondo de vivienda' treated as REQUIRED.
2026-07-27 15:05:57.545 [WARN ] com.ive.dictionary.DictionaryReader - Sheet '   sb_dato_operacion_fondos_202': conditional OBLIGATORIEDAD 'Si para fondo de garantía' treated as REQUIRED.
2026-07-27 15:05:57.545 [WARN ] com.ive.dictionary.DictionaryReader - Sheet '   sb_dato_operacion_fondos_202': conditional OBLIGATORIEDAD 'Si para fondo de garantía' treated as REQUIRED.
2026-07-27 15:05:57.576 [INFO ] com.ive.dictionary.DictionaryReader - Sheet '   sb_dato_operacion_fondos_202': 49 field(s), 13 data row(s) loaded.
2026-07-27 15:05:57.581 [INFO ] com.ive.dictionary.DictionaryReader - Sheet 'sb_dato_cuentas_por_cobrar': 27 field(s), 0 data row(s) loaded.
2026-07-27 15:05:57.586 [INFO ] com.ive.dictionary.DictionaryReader - Sheet 'sb_dato_tasa_compensada': 32 field(s), 0 data row(s) loaded.
2026-07-27 15:05:57.590 [INFO ] com.ive.dictionary.DictionaryReader - Sheet '   sb_dato_revalorizacion_20270': 16 field(s), 0 data row(s) loaded.
2026-07-27 15:05:57.592 [WARN ] com.ive.dictionary.DictionaryReader - Sheet 'sb_dato_procesos_especiales': conditional OBLIGATORIEDAD 'SI cuando Tipo de Proceso (AMA). Para los otros Procesos Especiales va Null.' treated as REQUIRED.
2026-07-27 15:05:57.593 [WARN ] com.ive.dictionary.DictionaryReader - Sheet 'sb_dato_procesos_especiales': conditional OBLIGATORIEDAD 'SI cuando Tipo de Proceso (AMA,CEA, LIQ). Para los otros Procesos Especiales va Null.' treated as REQUIRED.
2026-07-27 15:05:57.594 [WARN ] com.ive.dictionary.DictionaryReader - Sheet 'sb_dato_procesos_especiales': conditional OBLIGATORIEDAD 'SI cuando Tipo de Proceso (AMA,CEA). Para los otros Procesos Especiales va Null.' treated as REQUIRED.
2026-07-27 15:05:57.596 [WARN ] com.ive.dictionary.DictionaryReader - Sheet 'sb_dato_procesos_especiales': conditional OBLIGATORIEDAD 'SI cuando Tipo de Proceso (AMA,CEA). Para los otros Procesos Especiales va Null.' treated as REQUIRED.
2026-07-27 15:05:57.601 [WARN ] com.ive.dictionary.DictionaryReader - Sheet 'sb_dato_procesos_especiales': conditional OBLIGATORIEDAD 'SI cuando Tipo de Proceso (AMA, AUX). Para los otros Procesos Especiales va Null.' treated as REQUIRED.
2026-07-27 15:05:57.602 [WARN ] com.ive.dictionary.DictionaryReader - Sheet 'sb_dato_procesos_especiales': conditional OBLIGATORIEDAD 'SI cuando Tipo de Proceso (AMA, AUX, REAC). Para los otros Procesos Especiales va Null.' treated as REQUIRED.
2026-07-27 15:05:57.603 [WARN ] com.ive.dictionary.DictionaryReader - Sheet 'sb_dato_procesos_especiales': conditional OBLIGATORIEDAD 'SI cuando Tipo de Proceso (AUX, CEA, REC, LIQ). Para los otros Procesos Especiales va Null.' treated as REQUIRED.
2026-07-27 15:05:57.604 [WARN ] com.ive.dictionary.DictionaryReader - Sheet 'sb_dato_procesos_especiales': conditional OBLIGATORIEDAD 'SI cuando Tipo de Proceso (CEA). Para los otros Procesos Especiales va Null.' treated as REQUIRED.
2026-07-27 15:05:57.604 [WARN ] com.ive.dictionary.DictionaryReader - Sheet 'sb_dato_procesos_especiales': conditional OBLIGATORIEDAD 'SI cuando Tipo de Proceso (CEA). Para los otros Procesos Especiales va Null.' treated as REQUIRED.
2026-07-27 15:05:57.604 [WARN ] com.ive.dictionary.DictionaryReader - Sheet 'sb_dato_procesos_especiales': conditional OBLIGATORIEDAD 'SI cuando Tipo de Proceso (CEA). Para los otros Procesos Especiales va Null.' treated as REQUIRED.
2026-07-27 15:05:57.604 [WARN ] com.ive.dictionary.DictionaryReader - Sheet 'sb_dato_procesos_especiales': conditional OBLIGATORIEDAD 'SI cuando Tipo de Proceso (CEA). Para los otros Procesos Especiales va Null.' treated as REQUIRED.
2026-07-27 15:05:57.606 [WARN ] com.ive.dictionary.DictionaryReader - Sheet 'sb_dato_procesos_especiales': conditional OBLIGATORIEDAD 'SI cuando Tipo de Proceso (REC). Para los otros Procesos Especiales va Null.' treated as REQUIRED.
2026-07-27 15:05:57.606 [WARN ] com.ive.dictionary.DictionaryReader - Sheet 'sb_dato_procesos_especiales': conditional OBLIGATORIEDAD 'SI cuando Tipo de Proceso (REC). Para los otros Procesos Especiales va Null.' treated as REQUIRED.
2026-07-27 15:05:57.606 [WARN ] com.ive.dictionary.DictionaryReader - Sheet 'sb_dato_procesos_especiales': conditional OBLIGATORIEDAD 'SI cuando Tipo de Proceso (REC). Para los otros Procesos Especiales va Null.' treated as REQUIRED.
2026-07-27 15:05:57.606 [WARN ] com.ive.dictionary.DictionaryReader - Sheet 'sb_dato_procesos_especiales': conditional OBLIGATORIEDAD 'SI cuando Tipo de Proceso (REI). Para los otros Procesos Especiales va Null.' treated as REQUIRED.
2026-07-27 15:05:57.608 [WARN ] com.ive.dictionary.DictionaryReader - Sheet 'sb_dato_procesos_especiales': conditional OBLIGATORIEDAD 'SI cuando Tipo de Proceso (REI). Para los otros Procesos Especiales va Null.' treated as REQUIRED.
2026-07-27 15:05:57.608 [WARN ] com.ive.dictionary.DictionaryReader - Sheet 'sb_dato_procesos_especiales': conditional OBLIGATORIEDAD 'SI cuando Tipo de Proceso (REI). Para los otros Procesos Especiales va Null.' treated as REQUIRED.
2026-07-27 15:05:57.610 [WARN ] com.ive.dictionary.DictionaryReader - Sheet 'sb_dato_procesos_especiales': conditional OBLIGATORIEDAD 'SI cuando Tipo de Proceso (REI). Para los otros Procesos Especiales va Null.' treated as REQUIRED.
2026-07-27 15:05:57.610 [WARN ] com.ive.dictionary.DictionaryReader - Sheet 'sb_dato_procesos_especiales': conditional OBLIGATORIEDAD 'SI cuando Tipo de Proceso (REI). Para los otros Procesos Especiales va Null.' treated as REQUIRED.
2026-07-27 15:05:57.612 [WARN ] com.ive.dictionary.DictionaryReader - Sheet 'sb_dato_procesos_especiales': conditional OBLIGATORIEDAD 'SI cuando Tipo de Proceso (REI). Para los otros Procesos Especiales va Null.' treated as REQUIRED.
2026-07-27 15:05:57.612 [WARN ] com.ive.dictionary.DictionaryReader - Sheet 'sb_dato_procesos_especiales': conditional OBLIGATORIEDAD 'SI cuando Tipo de Proceso (TEF). Para los otros Procesos Especiales va Null.' treated as REQUIRED.
2026-07-27 15:05:57.613 [WARN ] com.ive.dictionary.DictionaryReader - Sheet 'sb_dato_procesos_especiales': conditional OBLIGATORIEDAD 'SI cuando Tipo de Proceso (TEF). Para los otros Procesos Especiales va Null.' treated as REQUIRED.
2026-07-27 15:05:57.613 [WARN ] com.ive.dictionary.DictionaryReader - Sheet 'sb_dato_procesos_especiales': conditional OBLIGATORIEDAD 'SI cuando Tipo de Proceso (TEF). Para los otros Procesos Especiales va Null.' treated as REQUIRED.
2026-07-27 15:05:57.613 [WARN ] com.ive.dictionary.DictionaryReader - Sheet 'sb_dato_procesos_especiales': conditional OBLIGATORIEDAD 'SI cuando Tipo de Proceso (TEF). Para los otros Procesos Especiales va Null.' treated as REQUIRED.
2026-07-27 15:05:57.613 [WARN ] com.ive.dictionary.DictionaryReader - Sheet 'sb_dato_procesos_especiales': conditional OBLIGATORIEDAD 'SI cuando Tipo de Proceso (LIQ). Para los otros Procesos Especiales va Null.' treated as REQUIRED.
2026-07-27 15:05:57.613 [WARN ] com.ive.dictionary.DictionaryReader - Sheet 'sb_dato_procesos_especiales': conditional OBLIGATORIEDAD 'SI cuando Tipo de Proceso (LIQ,AUX,CEA). Para los otros Procesos Especiales va Null.' treated as REQUIRED.
2026-07-27 15:05:57.615 [WARN ] com.ive.dictionary.DictionaryReader - Sheet 'sb_dato_procesos_especiales': conditional OBLIGATORIEDAD 'SI cuando Tipo de Proceso (LIQ). Para los otros Procesos Especiales va Null.' treated as REQUIRED.
2026-07-27 15:05:57.615 [WARN ] com.ive.dictionary.DictionaryReader - Sheet 'sb_dato_procesos_especiales': conditional OBLIGATORIEDAD 'SI cuando Tipo de Proceso (LIQ). Para los otros Procesos Especiales va Null.' treated as REQUIRED.
2026-07-27 15:05:57.615 [WARN ] com.ive.dictionary.DictionaryReader - Sheet 'sb_dato_procesos_especiales': conditional OBLIGATORIEDAD 'SI cuando Tipo de Proceso (LIQ). Para los otros Procesos Especiales va Null.' treated as REQUIRED.
2026-07-27 15:05:57.615 [WARN ] com.ive.dictionary.DictionaryReader - Sheet 'sb_dato_procesos_especiales': conditional OBLIGATORIEDAD 'SI cuando Tipo de Proceso (LIQ). Para los otros Procesos Especiales va Null.' treated as REQUIRED.
2026-07-27 15:05:57.617 [WARN ] com.ive.dictionary.DictionaryReader - Sheet 'sb_dato_procesos_especiales': conditional OBLIGATORIEDAD 'SI cuando Tipo de Proceso (LIQ) y tipo de liquidación es excluSIón. Para los otros Procesos Especiales va Null.' treated as REQUIRED.
2026-07-27 15:05:57.617 [WARN ] com.ive.dictionary.DictionaryReader - Sheet 'sb_dato_procesos_especiales': conditional OBLIGATORIEDAD 'SI cuando Tipo de Proceso (LIQ). Para los otros Procesos Especiales va Null.' treated as REQUIRED.
2026-07-27 15:05:57.618 [WARN ] com.ive.dictionary.DictionaryReader - Sheet 'sb_dato_procesos_especiales': conditional OBLIGATORIEDAD 'SI cuando Tipo de Proceso (LIQ). Para los otros Procesos Especiales va Null.' treated as REQUIRED.
2026-07-27 15:05:57.618 [WARN ] com.ive.dictionary.DictionaryReader - Sheet 'sb_dato_procesos_especiales': conditional OBLIGATORIEDAD 'SI cuando Tipo de Proceso (LIQ). Para los otros Procesos Especiales va Null.' treated as REQUIRED.
2026-07-27 15:05:57.619 [WARN ] com.ive.dictionary.DictionaryReader - Sheet 'sb_dato_procesos_especiales': conditional OBLIGATORIEDAD 'SI cuando Tipo de Proceso (LIQ). Para los otros Procesos Especiales va Null.' treated as REQUIRED.
2026-07-27 15:05:57.620 [WARN ] com.ive.dictionary.DictionaryReader - Sheet 'sb_dato_procesos_especiales': conditional OBLIGATORIEDAD 'SI cuando Tipo de Proceso (LIQ) y es una liquidación maSIva. Para los otros Procesos Especiales va Null.' treated as REQUIRED.
2026-07-27 15:05:57.620 [WARN ] com.ive.dictionary.DictionaryReader - Sheet 'sb_dato_procesos_especiales': conditional OBLIGATORIEDAD 'SI cuando Tipo de Proceso (LIQ). Para los otros Procesos Especiales va Null.' treated as REQUIRED.
2026-07-27 15:05:57.621 [WARN ] com.ive.dictionary.DictionaryReader - Sheet 'sb_dato_procesos_especiales': conditional OBLIGATORIEDAD 'SI cuando Tipo de Proceso (AMA,CEA, AUX,LIQ, REC, REI, TEF). Para los otros Procesos Especiales va Null.' treated as REQUIRED.
2026-07-27 15:05:57.622 [WARN ] com.ive.dictionary.DictionaryReader - Sheet 'sb_dato_procesos_especiales': conditional OBLIGATORIEDAD 'SI cuando Tipo de Proceso (LIQ). Para los otros Procesos Especiales va Null.' treated as REQUIRED.
2026-07-27 15:05:57.623 [WARN ] com.ive.dictionary.DictionaryReader - Sheet 'sb_dato_procesos_especiales': conditional OBLIGATORIEDAD 'SI cuando Tipo de Proceso (AMA,CEA, AUX,LIQ, REC, REI, TEF). Para los otros Procesos Especiales va Null.' treated as REQUIRED.
2026-07-27 15:05:57.623 [WARN ] com.ive.dictionary.DictionaryReader - Sheet 'sb_dato_procesos_especiales': conditional OBLIGATORIEDAD 'SI cuando Tipo de Proceso (AMA,CEA, AUX,LIQ, REC, REI, TEF). Para los otros Procesos Especiales va Null.' treated as REQUIRED.
2026-07-27 15:05:57.623 [WARN ] com.ive.dictionary.DictionaryReader - Sheet 'sb_dato_procesos_especiales': conditional OBLIGATORIEDAD 'SI cuando Tipo de Proceso (AMA,CEA, AUX,LIQ, REC, REI, TEF, REAC). Para los otros Procesos Especiales va Null.' treated as REQUIRED.
2026-07-27 15:05:57.625 [WARN ] com.ive.dictionary.DictionaryReader - Sheet 'sb_dato_procesos_especiales': conditional OBLIGATORIEDAD 'SI cuando Tipo de Proceso (AMA,CEA, AUX,LIQ, REC, REI, TEF). Para los otros Procesos Especiales va Null.' treated as REQUIRED.
2026-07-27 15:05:57.625 [WARN ] com.ive.dictionary.DictionaryReader - Sheet 'sb_dato_procesos_especiales': conditional OBLIGATORIEDAD 'SI cuando Tipo de Proceso (AMA,CEA, AUX,LIQ, REC, REI, TEF). Para los otros Procesos Especiales va Null.' treated as REQUIRED.
2026-07-27 15:05:57.627 [WARN ] com.ive.dictionary.DictionaryReader - Sheet 'sb_dato_procesos_especiales': conditional OBLIGATORIEDAD 'SI cuando Tipo de Proceso (AMA,CEA, AUX,LIQ, REC, REI, TEF). Para los otros Procesos Especiales va Null.' treated as REQUIRED.
2026-07-27 15:05:57.627 [WARN ] com.ive.dictionary.DictionaryReader - Sheet 'sb_dato_procesos_especiales': conditional OBLIGATORIEDAD 'SI cuando Tipo de Proceso (LIQ). Para los otros Procesos Especiales va Null.' treated as REQUIRED.
2026-07-27 15:05:57.632 [INFO ] com.ive.dictionary.DictionaryReader - Sheet 'sb_dato_procesos_especiales': 75 field(s), 0 data row(s) loaded.
2026-07-27 15:05:57.635 [INFO ] com.ive.dictionary.DictionaryReader - Sheet '   sb_dato_traslados': 17 field(s), 0 data row(s) loaded.
2026-07-27 15:05:57.637 [INFO ] com.ive.dictionary.DictionaryReader - Dictionary loaded successfully: 7 valid sheet(s).
2026-07-27 15:05:57.637 [INFO ] com.ive.Main - Dictionary loaded: 7 sheet(s).
2026-07-27 15:05:57.637 [INFO ] com.ive.Main - Looking for sheet matching fragment: 'sb_dato_operacion_fondos_20271124'
2026-07-27 15:05:57.639 [INFO ] com.ive.Main - Matched sheet: '   sb_dato_operacion_fondos_202' (49 fields, 13 Excel data row(s))
2026-07-27 15:05:57.647 [INFO ] com.ive.engine.ComparisonEngine - Key fields for '   sb_dato_operacion_fondos_202': [do_id, do_ente]
2026-07-27 15:05:57.650 [INFO ] com.ive.util.FlatFileReader - Reading interface file: C:\Users\RubenDarioIbarraVirl\Documents\atmSabanas\test\sb_dato_operacion_fondos_20271124.txt
2026-07-27 15:05:57.652 [INFO ] com.ive.util.FlatFileReader - Interface file loaded: 11 line(s).
2026-07-27 15:05:57.658 [INFO ] com.ive.engine.SabanaIndex - SabanaIndex built: 11 record(s) indexed.
2026-07-27 15:05:57.670 [INFO ] com.ive.engine.ComparisonEngine - Comparison complete: 13/13 Excel row(s) have errors.
2026-07-27 15:05:57.674 [INFO ] com.ive.excel.ResultWriter - Writing result file: C:\Users\RubenDarioIbarraVirl\Documents\atmSabanas\test\resultado_sb_dato_operacion_fondos_202_20260727_150557.xlsx
2026-07-27 15:05:59.072 [INFO ] com.ive.excel.ResultWriter - Result file saved: C:\Users\RubenDarioIbarraVirl\Documents\atmSabanas\test\resultado_sb_dato_operacion_fondos_202_20260727_150557.xlsx
2026-07-27 15:05:59.074 [WARN ] com.ive.Main - Result: FAIL - 13/13 Excel row(s) have errors. See: C:\Users\RubenDarioIbarraVirl\Documents\atmSabanas\test\resultado_sb_dato_operacion_fondos_202_20260727_150557.xlsx
2026-07-27 15:05:59.075 [INFO ] com.ive.Main - Interface Validation Engine - done
2026-07-27 17:57:42.138 [INFO ] com.ive.Main - Interface Validation Engine - starting
2026-07-27 17:57:42.148 [INFO ] com.ive.Main - Dictionary : C:\Users\RubenDarioIbarraVirl\Documents\atmSabanas\test\sb_dato_tasa_compensada_20271230.xlsx
2026-07-27 17:57:42.151 [INFO ] com.ive.Main - Sábana     : C:\Users\RubenDarioIbarraVirl\Documents\atmSabanas\test\sb_dato_tasa_compensada_20271230.txt
2026-07-27 17:57:42.153 [INFO ] com.ive.dictionary.DictionaryReader - Reading dictionary: C:\Users\RubenDarioIbarraVirl\Documents\atmSabanas\test\sb_dato_tasa_compensada_20271230.xlsx
2026-07-27 17:57:43.515 [INFO ] com.ive.dictionary.DictionaryReader - Workbook contains 1 sheet(s).
2026-07-27 17:57:43.590 [INFO ] com.ive.dictionary.DictionaryReader - Sheet 'sb_dato_tasa_compensada': 32 field(s), 11 data row(s) loaded.
2026-07-27 17:57:43.596 [INFO ] com.ive.dictionary.DictionaryReader - Dictionary loaded successfully: 1 valid sheet(s).
2026-07-27 17:57:43.637 [INFO ] com.ive.Main - Dictionary loaded: 1 sheet(s).
2026-07-27 17:57:43.638 [INFO ] com.ive.Main - Looking for sheet matching fragment: 'sb_dato_tasa_compensada_20271230'
2026-07-27 17:57:43.643 [INFO ] com.ive.Main - Matched sheet: 'sb_dato_tasa_compensada' (32 fields, 11 Excel data row(s))
2026-07-27 17:57:43.645 [INFO ] com.ive.engine.ComparisonEngine - Key fields for 'sb_dato_tasa_compensada': [dt_operacion_id, dt_cliente_id]
2026-07-27 17:57:43.649 [INFO ] com.ive.util.FlatFileReader - Reading interface file: C:\Users\RubenDarioIbarraVirl\Documents\atmSabanas\test\sb_dato_tasa_compensada_20271230.txt
2026-07-27 17:57:43.650 [INFO ] com.ive.util.FlatFileReader - Interface file loaded: 38 line(s).
2026-07-27 17:57:43.656 [INFO ] com.ive.engine.SabanaIndex - SabanaIndex built: 38 record(s) indexed.
2026-07-27 17:57:43.674 [INFO ] com.ive.engine.ComparisonEngine - Comparison complete: 11/11 Excel row(s) have errors.
2026-07-27 17:57:43.678 [INFO ] com.ive.excel.ResultWriter - Writing result file: C:\Users\RubenDarioIbarraVirl\Documents\atmSabanas\test\resultado_sb_dato_tasa_compensada_20260727_175743.xlsx
2026-07-27 17:57:44.902 [INFO ] com.ive.excel.ResultWriter - Result file saved: C:\Users\RubenDarioIbarraVirl\Documents\atmSabanas\test\resultado_sb_dato_tasa_compensada_20260727_175743.xlsx
2026-07-27 17:57:44.902 [WARN ] com.ive.Main - Result: FAIL - 11/11 Excel row(s) have errors. See: C:\Users\RubenDarioIbarraVirl\Documents\atmSabanas\test\resultado_sb_dato_tasa_compensada_20260727_175743.xlsx
2026-07-27 17:57:44.902 [INFO ] com.ive.Main - Interface Validation Engine - done
2026-07-27 18:04:13.226 [INFO ] com.ive.Main - Interface Validation Engine - starting
2026-07-27 18:04:13.231 [INFO ] com.ive.Main - Dictionary : C:\Users\RubenDarioIbarraVirl\Documents\atmSabanas\test\sb_dato_tasa_compensada_20271230.xlsx
2026-07-27 18:04:13.234 [INFO ] com.ive.Main - Sábana     : C:\Users\RubenDarioIbarraVirl\Documents\atmSabanas\test\sb_dato_tasa_compensada_20271230.txt
2026-07-27 18:04:13.237 [INFO ] com.ive.dictionary.DictionaryReader - Reading dictionary: C:\Users\RubenDarioIbarraVirl\Documents\atmSabanas\test\sb_dato_tasa_compensada_20271230.xlsx
2026-07-27 18:04:14.279 [INFO ] com.ive.dictionary.DictionaryReader - Workbook contains 1 sheet(s).
2026-07-27 18:04:14.320 [INFO ] com.ive.dictionary.DictionaryReader - Sheet 'sb_dato_tasa_compensada': 32 field(s), 11 data row(s) loaded.
2026-07-27 18:04:14.321 [INFO ] com.ive.dictionary.DictionaryReader - Dictionary loaded successfully: 1 valid sheet(s).
2026-07-27 18:04:14.322 [INFO ] com.ive.Main - Dictionary loaded: 1 sheet(s).
2026-07-27 18:04:14.322 [INFO ] com.ive.Main - Looking for sheet matching fragment: 'sb_dato_tasa_compensada_20271230'
2026-07-27 18:04:14.324 [INFO ] com.ive.Main - Matched sheet: 'sb_dato_tasa_compensada' (32 fields, 11 Excel data row(s))
2026-07-27 18:04:14.327 [INFO ] com.ive.engine.ComparisonEngine - Key fields for 'sb_dato_tasa_compensada': [dt_operacion_id, dt_cliente_id]
2026-07-27 18:04:14.329 [INFO ] com.ive.util.FlatFileReader - Reading interface file: C:\Users\RubenDarioIbarraVirl\Documents\atmSabanas\test\sb_dato_tasa_compensada_20271230.txt
2026-07-27 18:04:14.331 [INFO ] com.ive.util.FlatFileReader - Interface file loaded: 40 line(s).
2026-07-27 18:04:14.334 [INFO ] com.ive.engine.SabanaIndex - SabanaIndex built: 40 record(s) indexed.
2026-07-27 18:04:14.339 [INFO ] com.ive.engine.ComparisonEngine - Comparison complete: 11/11 Excel row(s) have errors.
2026-07-27 18:04:14.341 [INFO ] com.ive.excel.ResultWriter - Writing result file: C:\Users\RubenDarioIbarraVirl\Documents\atmSabanas\test\resultado_sb_dato_tasa_compensada_20260727_180414.xlsx
2026-07-27 18:04:15.289 [INFO ] com.ive.excel.ResultWriter - Result file saved: C:\Users\RubenDarioIbarraVirl\Documents\atmSabanas\test\resultado_sb_dato_tasa_compensada_20260727_180414.xlsx
2026-07-27 18:04:15.290 [WARN ] com.ive.Main - Result: FAIL - 11/11 Excel row(s) have errors. See: C:\Users\RubenDarioIbarraVirl\Documents\atmSabanas\test\resultado_sb_dato_tasa_compensada_20260727_180414.xlsx
2026-07-27 18:04:15.290 [INFO ] com.ive.Main - Interface Validation Engine - done
2026-07-27 18:11:49.509 [INFO ] com.ive.Main - Interface Validation Engine - starting
2026-07-27 18:11:49.511 [INFO ] com.ive.Main - Dictionary : C:\Users\RubenDarioIbarraVirl\Documents\atmSabanas\test\sb_dato_tasa_compensada_20271230.xlsx
2026-07-27 18:11:49.511 [INFO ] com.ive.Main - Sábana     : C:\Users\RubenDarioIbarraVirl\Documents\atmSabanas\test\sb_dato_tasa_compensada_20271230.txt
2026-07-27 18:11:49.614 [INFO ] com.ive.dictionary.DictionaryReader - Reading dictionary: C:\Users\RubenDarioIbarraVirl\Documents\atmSabanas\test\sb_dato_tasa_compensada_20271230.xlsx
2026-07-27 18:11:50.817 [INFO ] com.ive.dictionary.DictionaryReader - Workbook contains 1 sheet(s).
2026-07-27 18:11:50.905 [INFO ] com.ive.dictionary.DictionaryReader - Sheet 'sb_dato_tasa_compensada': 32 field(s), 11 data row(s) loaded.
2026-07-27 18:11:50.907 [INFO ] com.ive.dictionary.DictionaryReader - Dictionary loaded successfully: 1 valid sheet(s).
2026-07-27 18:11:50.907 [INFO ] com.ive.Main - Dictionary loaded: 1 sheet(s).
2026-07-27 18:11:50.909 [INFO ] com.ive.Main - Looking for sheet matching fragment: 'sb_dato_tasa_compensada_20271230'
2026-07-27 18:11:50.911 [INFO ] com.ive.Main - Matched sheet: 'sb_dato_tasa_compensada' (32 fields, 11 Excel data row(s))
2026-07-27 18:11:50.914 [INFO ] com.ive.engine.ComparisonEngine - Key fields for 'sb_dato_tasa_compensada': [dt_operacion_id, dt_cliente_id]
2026-07-27 18:11:50.917 [INFO ] com.ive.util.FlatFileReader - Reading interface file: C:\Users\RubenDarioIbarraVirl\Documents\atmSabanas\test\sb_dato_tasa_compensada_20271230.txt
2026-07-27 18:11:50.919 [INFO ] com.ive.util.FlatFileReader - Interface file loaded: 40 line(s).
2026-07-27 18:11:50.922 [INFO ] com.ive.engine.SabanaIndex - SabanaIndex built: 40 record(s) indexed.
2026-07-27 18:11:50.926 [INFO ] com.ive.engine.ComparisonEngine - Comparison complete: 11/11 Excel row(s) have errors.
2026-07-27 18:11:50.926 [INFO ] com.ive.excel.ResultWriter - Writing result file: C:\Users\RubenDarioIbarraVirl\Documents\atmSabanas\test\resultado_sb_dato_tasa_compensada_20260727_181150.xlsx
2026-07-27 18:11:52.092 [INFO ] com.ive.excel.ResultWriter - Result file saved: C:\Users\RubenDarioIbarraVirl\Documents\atmSabanas\test\resultado_sb_dato_tasa_compensada_20260727_181150.xlsx
2026-07-27 18:11:52.093 [WARN ] com.ive.Main - Result: FAIL - 11/11 Excel row(s) have errors. See: C:\Users\RubenDarioIbarraVirl\Documents\atmSabanas\test\resultado_sb_dato_tasa_compensada_20260727_181150.xlsx
2026-07-27 18:11:52.093 [INFO ] com.ive.Main - Interface Validation Engine - done
2026-07-27 18:13:31.327 [INFO ] com.ive.Main - Interface Validation Engine - starting
2026-07-27 18:13:31.331 [INFO ] com.ive.Main - Dictionary : C:\Users\RubenDarioIbarraVirl\Documents\atmSabanas\test\sb_dato_tasa_compensada_20271230.xlsx
2026-07-27 18:13:31.335 [INFO ] com.ive.Main - Sábana     : C:\Users\RubenDarioIbarraVirl\Documents\atmSabanas\test\sb_dato_tasa_compensada_20271230.txt
2026-07-27 18:13:31.450 [INFO ] com.ive.dictionary.DictionaryReader - Reading dictionary: C:\Users\RubenDarioIbarraVirl\Documents\atmSabanas\test\sb_dato_tasa_compensada_20271230.xlsx
2026-07-27 18:13:32.456 [INFO ] com.ive.dictionary.DictionaryReader - Workbook contains 1 sheet(s).
2026-07-27 18:13:32.522 [INFO ] com.ive.dictionary.DictionaryReader - Sheet 'sb_dato_tasa_compensada': 32 field(s), 11 data row(s) loaded.
2026-07-27 18:13:32.522 [INFO ] com.ive.dictionary.DictionaryReader - Dictionary loaded successfully: 1 valid sheet(s).
2026-07-27 18:13:32.522 [INFO ] com.ive.Main - Dictionary loaded: 1 sheet(s).
2026-07-27 18:13:32.522 [INFO ] com.ive.Main - Looking for sheet matching fragment: 'sb_dato_tasa_compensada_20271230'
2026-07-27 18:13:32.527 [INFO ] com.ive.Main - Matched sheet: 'sb_dato_tasa_compensada' (32 fields, 11 Excel data row(s))
2026-07-27 18:13:32.530 [INFO ] com.ive.engine.ComparisonEngine - Key fields for 'sb_dato_tasa_compensada': [dt_operacion_id, dt_cliente_id]
2026-07-27 18:13:32.532 [INFO ] com.ive.util.FlatFileReader - Reading interface file: C:\Users\RubenDarioIbarraVirl\Documents\atmSabanas\test\sb_dato_tasa_compensada_20271230.txt
2026-07-27 18:13:32.532 [INFO ] com.ive.util.FlatFileReader - Interface file loaded: 40 line(s).
2026-07-27 18:13:32.537 [INFO ] com.ive.engine.SabanaIndex - SabanaIndex built: 40 record(s) indexed.
2026-07-27 18:13:32.563 [INFO ] com.ive.engine.ComparisonEngine - Row 4 key=[11046|7409] found=true
2026-07-27 18:13:32.564 [INFO ] com.ive.engine.ComparisonEngine - Row 5 key=[11047|5853] found=true
2026-07-27 18:13:32.566 [INFO ] com.ive.engine.ComparisonEngine - Comparison complete: 11/11 Excel row(s) have errors.
2026-07-27 18:13:32.570 [INFO ] com.ive.excel.ResultWriter - Writing result file: C:\Users\RubenDarioIbarraVirl\Documents\atmSabanas\test\resultado_sb_dato_tasa_compensada_20260727_181332.xlsx
2026-07-27 18:13:33.632 [INFO ] com.ive.excel.ResultWriter - Result file saved: C:\Users\RubenDarioIbarraVirl\Documents\atmSabanas\test\resultado_sb_dato_tasa_compensada_20260727_181332.xlsx
2026-07-27 18:13:33.632 [WARN ] com.ive.Main - Result: FAIL - 11/11 Excel row(s) have errors. See: C:\Users\RubenDarioIbarraVirl\Documents\atmSabanas\test\resultado_sb_dato_tasa_compensada_20260727_181332.xlsx
2026-07-27 18:13:33.633 [INFO ] com.ive.Main - Interface Validation Engine - done
2026-07-27 18:19:13.409 [INFO ] com.ive.Main - Interface Validation Engine - starting
2026-07-27 18:19:13.416 [INFO ] com.ive.Main - Dictionary : C:\Users\RubenDarioIbarraVirl\Documents\atmSabanas\test\sb_dato_tasa_compensada_20271230.xlsx
2026-07-27 18:19:13.419 [INFO ] com.ive.Main - Sábana     : C:\Users\RubenDarioIbarraVirl\Documents\atmSabanas\test\sb_dato_tasa_compensada_20271230.txt
2026-07-27 18:19:13.553 [INFO ] com.ive.dictionary.DictionaryReader - Reading dictionary: C:\Users\RubenDarioIbarraVirl\Documents\atmSabanas\test\sb_dato_tasa_compensada_20271230.xlsx
2026-07-27 18:19:14.700 [INFO ] com.ive.dictionary.DictionaryReader - Workbook contains 1 sheet(s).
2026-07-27 18:19:14.783 [INFO ] com.ive.dictionary.DictionaryReader - Sheet 'sb_dato_tasa_compensada': 32 field(s), 11 data row(s) loaded.
2026-07-27 18:19:14.785 [INFO ] com.ive.dictionary.DictionaryReader - Dictionary loaded successfully: 1 valid sheet(s).
2026-07-27 18:19:14.785 [INFO ] com.ive.Main - Dictionary loaded: 1 sheet(s).
2026-07-27 18:19:14.785 [INFO ] com.ive.Main - Looking for sheet matching fragment: 'sb_dato_tasa_compensada_20271230'
2026-07-27 18:19:14.785 [INFO ] com.ive.Main - Matched sheet: 'sb_dato_tasa_compensada' (32 fields, 11 Excel data row(s))
2026-07-27 18:19:14.789 [INFO ] com.ive.engine.ComparisonEngine - Key fields for 'sb_dato_tasa_compensada': [dt_operacion_id, dt_cliente_id]
2026-07-27 18:19:14.789 [INFO ] com.ive.util.FlatFileReader - Reading interface file: C:\Users\RubenDarioIbarraVirl\Documents\atmSabanas\test\sb_dato_tasa_compensada_20271230.txt
2026-07-27 18:19:14.789 [INFO ] com.ive.util.FlatFileReader - Interface file loaded: 40 line(s).
2026-07-27 18:19:14.798 [INFO ] com.ive.engine.SabanaIndex - SabanaIndex built: 40 record(s) indexed.
2026-07-27 18:19:14.828 [INFO ] com.ive.engine.ComparisonEngine - MISMATCH field=[dt_saldo_total] excel=[2608000000] sabana=[26080000.00]
2026-07-27 18:19:14.829 [INFO ] com.ive.engine.ComparisonEngine - MISMATCH field=[dt_fecha_proceso] excel=[2026-07-27] sabana=[2026-07-27 17:06:04]
2026-07-27 18:19:14.831 [INFO ] com.ive.engine.ComparisonEngine - MISMATCH field=[dt_saldo_total] excel=[2050000000] sabana=[20500000.00]
2026-07-27 18:19:14.833 [INFO ] com.ive.engine.ComparisonEngine - MISMATCH field=[dt_fecha_proceso] excel=[2026-07-27] sabana=[2026-07-27 17:06:04]
2026-07-27 18:19:14.835 [INFO ] com.ive.engine.ComparisonEngine - Comparison complete: 11/11 Excel row(s) have errors.
2026-07-27 18:19:14.838 [INFO ] com.ive.excel.ResultWriter - Writing result file: C:\Users\RubenDarioIbarraVirl\Documents\atmSabanas\test\resultado_sb_dato_tasa_compensada_20260727_181914.xlsx
2026-07-27 18:19:15.861 [INFO ] com.ive.excel.ResultWriter - Result file saved: C:\Users\RubenDarioIbarraVirl\Documents\atmSabanas\test\resultado_sb_dato_tasa_compensada_20260727_181914.xlsx
2026-07-27 18:19:15.861 [WARN ] com.ive.Main - Result: FAIL - 11/11 Excel row(s) have errors. See: C:\Users\RubenDarioIbarraVirl\Documents\atmSabanas\test\resultado_sb_dato_tasa_compensada_20260727_181914.xlsx
2026-07-27 18:19:15.861 [INFO ] com.ive.Main - Interface Validation Engine - done
2026-07-27 18:20:53.494 [INFO ] com.ive.Main - Interface Validation Engine - starting
2026-07-27 18:20:53.498 [INFO ] com.ive.Main - Dictionary : C:\Users\RubenDarioIbarraVirl\Documents\atmSabanas\test\sb_dato_tasa_compensada_20271230.xlsx
2026-07-27 18:20:53.502 [INFO ] com.ive.Main - Sábana     : C:\Users\RubenDarioIbarraVirl\Documents\atmSabanas\test\sb_dato_tasa_compensada_20271230.txt
2026-07-27 18:20:53.601 [INFO ] com.ive.dictionary.DictionaryReader - Reading dictionary: C:\Users\RubenDarioIbarraVirl\Documents\atmSabanas\test\sb_dato_tasa_compensada_20271230.xlsx
2026-07-27 18:20:54.589 [INFO ] com.ive.dictionary.DictionaryReader - Workbook contains 1 sheet(s).
2026-07-27 18:20:54.671 [INFO ] com.ive.dictionary.DictionaryReader - Sheet 'sb_dato_tasa_compensada': 32 field(s), 11 data row(s) loaded.
2026-07-27 18:20:54.673 [INFO ] com.ive.dictionary.DictionaryReader - Dictionary loaded successfully: 1 valid sheet(s).
2026-07-27 18:20:54.673 [INFO ] com.ive.Main - Dictionary loaded: 1 sheet(s).
2026-07-27 18:20:54.675 [INFO ] com.ive.Main - Looking for sheet matching fragment: 'sb_dato_tasa_compensada_20271230'
2026-07-27 18:20:54.678 [INFO ] com.ive.Main - Matched sheet: 'sb_dato_tasa_compensada' (32 fields, 11 Excel data row(s))
2026-07-27 18:20:54.680 [INFO ] com.ive.engine.ComparisonEngine - Key fields for 'sb_dato_tasa_compensada': [dt_operacion_id, dt_cliente_id]
2026-07-27 18:20:54.683 [INFO ] com.ive.util.FlatFileReader - Reading interface file: C:\Users\RubenDarioIbarraVirl\Documents\atmSabanas\test\sb_dato_tasa_compensada_20271230.txt
2026-07-27 18:20:54.685 [INFO ] com.ive.util.FlatFileReader - Interface file loaded: 40 line(s).
2026-07-27 18:20:54.685 [INFO ] com.ive.engine.SabanaIndex - SabanaIndex built: 40 record(s) indexed.
2026-07-27 18:20:54.717 [INFO ] com.ive.engine.ComparisonEngine - MISMATCH field=[dt_saldo_total] excel=[2608000000] sabana=[26080000.00]
2026-07-27 18:20:54.717 [INFO ] com.ive.engine.ComparisonEngine - MISMATCH field=[dt_saldo_total] excel=[2050000000] sabana=[20500000.00]
2026-07-27 18:20:54.721 [INFO ] com.ive.engine.ComparisonEngine - Comparison complete: 11/11 Excel row(s) have errors.
2026-07-27 18:20:54.727 [INFO ] com.ive.excel.ResultWriter - Writing result file: C:\Users\RubenDarioIbarraVirl\Documents\atmSabanas\test\resultado_sb_dato_tasa_compensada_20260727_182054.xlsx
2026-07-27 18:20:55.666 [INFO ] com.ive.excel.ResultWriter - Result file saved: C:\Users\RubenDarioIbarraVirl\Documents\atmSabanas\test\resultado_sb_dato_tasa_compensada_20260727_182054.xlsx
2026-07-27 18:20:55.666 [WARN ] com.ive.Main - Result: FAIL - 11/11 Excel row(s) have errors. See: C:\Users\RubenDarioIbarraVirl\Documents\atmSabanas\test\resultado_sb_dato_tasa_compensada_20260727_182054.xlsx
2026-07-27 18:20:55.668 [INFO ] com.ive.Main - Interface Validation Engine - done
2026-07-27 18:46:48.443 [INFO ] com.ive.Main - Interface Validation Engine - starting
2026-07-27 18:46:48.446 [INFO ] com.ive.Main - Dictionary : C:\Users\RubenDarioIbarraVirl\Documents\atmSabanas\test\sb_dato_tasa_compensada_20271230.xlsx
2026-07-27 18:46:48.449 [INFO ] com.ive.Main - Sábana     : C:\Users\RubenDarioIbarraVirl\Documents\atmSabanas\test\sb_dato_tasa_compensada_20271230.txt
2026-07-27 18:46:48.548 [INFO ] com.ive.dictionary.DictionaryReader - Reading dictionary: C:\Users\RubenDarioIbarraVirl\Documents\atmSabanas\test\sb_dato_tasa_compensada_20271230.xlsx
2026-07-27 18:46:49.609 [INFO ] com.ive.dictionary.DictionaryReader - Workbook contains 1 sheet(s).
2026-07-27 18:46:49.689 [INFO ] com.ive.dictionary.DictionaryReader - Sheet 'sb_dato_tasa_compensada': 32 field(s), 11 data row(s) loaded.
2026-07-27 18:46:49.691 [INFO ] com.ive.dictionary.DictionaryReader - Dictionary loaded successfully: 1 valid sheet(s).
2026-07-27 18:46:49.692 [INFO ] com.ive.Main - Dictionary loaded: 1 sheet(s).
2026-07-27 18:46:49.692 [INFO ] com.ive.Main - Looking for sheet matching fragment: 'sb_dato_tasa_compensada_20271230'
2026-07-27 18:46:49.695 [INFO ] com.ive.Main - Matched sheet: 'sb_dato_tasa_compensada' (32 fields, 11 Excel data row(s))
2026-07-27 18:46:49.698 [INFO ] com.ive.engine.ComparisonEngine - Key fields for 'sb_dato_tasa_compensada': [dt_operacion_id, dt_cliente_id]
2026-07-27 18:46:49.701 [INFO ] com.ive.util.FlatFileReader - Reading interface file: C:\Users\RubenDarioIbarraVirl\Documents\atmSabanas\test\sb_dato_tasa_compensada_20271230.txt
2026-07-27 18:46:49.703 [INFO ] com.ive.util.FlatFileReader - Interface file loaded: 40 line(s).
2026-07-27 18:46:49.706 [INFO ] com.ive.engine.SabanaIndex - SabanaIndex built: 40 record(s) indexed.
2026-07-27 18:46:49.714 [INFO ] com.ive.engine.ComparisonEngine - Comparison complete: 11/11 Excel row(s) have errors.
2026-07-27 18:46:49.717 [INFO ] com.ive.excel.ResultWriter - Writing result file: C:\Users\RubenDarioIbarraVirl\Documents\atmSabanas\test\resultado_sb_dato_tasa_compensada_20260727_184649.xlsx
2026-07-27 18:46:50.752 [INFO ] com.ive.excel.ResultWriter - Result file saved: C:\Users\RubenDarioIbarraVirl\Documents\atmSabanas\test\resultado_sb_dato_tasa_compensada_20260727_184649.xlsx
2026-07-27 18:46:50.754 [WARN ] com.ive.Main - Result: FAIL - 11/11 Excel row(s) have errors. See: C:\Users\RubenDarioIbarraVirl\Documents\atmSabanas\test\resultado_sb_dato_tasa_compensada_20260727_184649.xlsx
2026-07-27 18:46:50.754 [INFO ] com.ive.Main - Interface Validation Engine - done
2026-07-27 18:52:03.724 [INFO ] com.ive.Main - Interface Validation Engine - starting
2026-07-27 18:52:03.728 [INFO ] com.ive.Main - Dictionary : C:\Users\RubenDarioIbarraVirl\Documents\atmSabanas\test\sb_dato_tasa_compensada_20271230.xlsx
2026-07-27 18:52:03.730 [INFO ] com.ive.Main - Sábana     : C:\Users\RubenDarioIbarraVirl\Documents\atmSabanas\test\sb_dato_tasa_compensada_20271230.txt
2026-07-27 18:52:03.856 [INFO ] com.ive.dictionary.DictionaryReader - Reading dictionary: C:\Users\RubenDarioIbarraVirl\Documents\atmSabanas\test\sb_dato_tasa_compensada_20271230.xlsx
2026-07-27 18:52:04.960 [INFO ] com.ive.dictionary.DictionaryReader - Workbook contains 1 sheet(s).
2026-07-27 18:52:05.041 [INFO ] com.ive.dictionary.DictionaryReader - Sheet 'sb_dato_tasa_compensada': 32 field(s), 2 data row(s) loaded.
2026-07-27 18:52:05.043 [INFO ] com.ive.dictionary.DictionaryReader - Dictionary loaded successfully: 1 valid sheet(s).
2026-07-27 18:52:05.044 [INFO ] com.ive.Main - Dictionary loaded: 1 sheet(s).
2026-07-27 18:52:05.044 [INFO ] com.ive.Main - Looking for sheet matching fragment: 'sb_dato_tasa_compensada_20271230'
2026-07-27 18:52:05.046 [INFO ] com.ive.Main - Matched sheet: 'sb_dato_tasa_compensada' (32 fields, 2 Excel data row(s))
2026-07-27 18:52:05.051 [INFO ] com.ive.engine.ComparisonEngine - Key fields for 'sb_dato_tasa_compensada': [dt_operacion_id, dt_cliente_id]
2026-07-27 18:52:05.053 [INFO ] com.ive.util.FlatFileReader - Reading interface file: C:\Users\RubenDarioIbarraVirl\Documents\atmSabanas\test\sb_dato_tasa_compensada_20271230.txt
2026-07-27 18:52:05.055 [INFO ] com.ive.util.FlatFileReader - Interface file loaded: 40 line(s).
2026-07-27 18:52:05.059 [INFO ] com.ive.engine.SabanaIndex - SabanaIndex built: 40 record(s) indexed.
2026-07-27 18:52:05.066 [INFO ] com.ive.engine.ComparisonEngine - Comparison complete: 2/2 Excel row(s) have errors.
2026-07-27 18:52:05.070 [INFO ] com.ive.excel.ResultWriter - Writing result file: C:\Users\RubenDarioIbarraVirl\Documents\atmSabanas\test\resultado_sb_dato_tasa_compensada_20260727_185205.xlsx
2026-07-27 18:52:05.883 [INFO ] com.ive.excel.ResultWriter - Result file saved: C:\Users\RubenDarioIbarraVirl\Documents\atmSabanas\test\resultado_sb_dato_tasa_compensada_20260727_185205.xlsx
2026-07-27 18:52:05.883 [WARN ] com.ive.Main - Result: FAIL - 2/2 Excel row(s) have errors. See: C:\Users\RubenDarioIbarraVirl\Documents\atmSabanas\test\resultado_sb_dato_tasa_compensada_20260727_185205.xlsx
2026-07-27 18:52:05.883 [INFO ] com.ive.Main - Interface Validation Engine - done
